Date,Steel_Price,Cement_Price,USD_Buy,USD_Sell,Oil_Price,Oil_Open,Oil_High,Oil_Low,Oil_Volume,Oil_Change_Percent,Aluminium_Price,Aluminium_Open,Aluminium_High,Aluminium_Low,Aluminium_Volume,Aluminium_Change_Percent,Copper_Price
2023-01-11,26848.08,1905.65,29.6333,29.7631,77.68,75.06,78.06,74.56,179830.0,3.06%,2510.0,2487.0,2486.0,2485.0,54330.0,1.89,4.1776
2023-01-12,27059.24,1903.71,29.5053,29.6367,78.65,77.9,79.37,77.35,188060.0,1.25%,2548.5,2482.0,2475.5,2476.0,56550.0,1.53,4.1728
2023-01-23,26985.0,,29.8332,29.9206,81.93,82.12,82.89,81.32,104290.0,0.36%,2636.5,2625.0,2620.0,2619.0,24390.0,1.0,4.2624
2023-01-25,27390.62,1935.4,29.8585,29.9433,80.44,80.44,81.5,79.77,101060.0,0.00%,2658.5,2637.0,2638.0,2637.0,29940.0,0.3,4.2656
2023-02-01,28824.49,1979.33,30.1611,30.2529,76.73,79.35,80.01,76.37,113870.0,-3.08%,2631.5,2645.0,2642.0,2644.0,43500.0,-0.47,4.1872
2023-02-02,28500.0,,30.2408,30.3337,76.2,77.06,77.54,75.3,94840.0,-0.69%,2617.0,2610.0,2607.0,2609.0,55120.0,-0.55,4.0944
2023-02-12,29066.67,1999.39,30.482,30.5834,,,,,,,,,,,,,
2023-02-13,29157.35,1991.58,30.4852,30.5834,80.33,80.05,80.78,78.67,155590.0,0.51%,2412.5,2430.0,2424.0,2424.0,54610.0,-1.15,4.072
2023-02-15,28891.63,2006.49,30.5237,30.6234,78.83,79.04,79.37,77.47,150590.0,-0.52%,2384.5,2398.0,2393.0,2390.5,47140.0,-0.98,4.032
2023-02-19,28581.74,2006.86,30.5265,30.6234,76.67,76.69,76.82,76.53,,0.16%,,,,,,,
2023-02-28,26500.0,,30.5765,30.6849,77.19,75.87,77.93,75.68,88930.0,1.82%,2373.0,2350.0,2345.0,2345.0,38400.0,0.42,4.0736
2023-03-01,28684.93,1899.9,30.5794,30.6857,77.83,76.93,78.0,76.3,104500.0,0.83%,2431.5,2415.0,2405.5,2406.0,49090.0,2.47,4.1664
2023-03-02,,,30.6698,30.7757,78.31,77.9,78.72,77.39,61370.0,0.62%,2399.5,2412.0,2410.0,2411.0,43510.0,-1.32,4.072
2023-03-06,26985.0,,30.7285,30.8357,80.56,80.04,80.72,78.44,80130.0,0.97%,2382.0,2370.0,2367.0,2367.0,39030.0,-0.96,4.0752
2023-03-11,29006.22,1925.26,,,,,,,,,,,,,,,
2023-04-19,39878.79,2085.14,30.8312,30.9557,79.24,80.96,81.24,78.53,350780.0,-2.05%,2445.0,2409.0,2401.0,2402.0,69600.0,0.33,4.0704
2023-05-11,41293.18,2056.38,30.8432,30.9557,70.88,72.54,73.47,70.65,172290.0,-2.26%,2211.0,2245.0,2240.0,2236.0,96500.0,-2.51,3.7008
2023-05-13,41728.57,2068.4,,,,,,,,,,,,,,,
2023-05-17,40434.95,1998.47,30.8375,30.9557,72.89,70.6,73.3,70.05,219090.0,2.89%,2296.5,2277.0,2273.0,2273.0,58170.0,1.64,3.7504
2023-05-18,40968.57,2063.4,30.8318,30.9557,71.94,72.82,72.97,71.52,239920.0,-1.30%,2283.5,2304.0,2302.0,2304.0,49960.0,-0.57,3.7008
2023-05-19,39530.77,2025.81,,,71.69,72.06,73.58,71.18,312430.0,-0.35%,2283.5,2297.0,2295.0,2297.0,37970.0,0.0,3.7312
2023-06-02,40066.67,2042.86,,,71.84,70.25,72.24,70.1,110940.0,2.34%,2263.5,2288.0,2289.0,2288.0,69550.0,-0.83,3.7376
2023-06-06,39763.0,,30.8379,30.9586,71.85,72.09,72.42,70.29,118290.0,-0.57%,2210.0,2220.0,2218.5,2219.0,62460.0,-1.52,3.776
2023-06-07,39763.0,,30.8387,30.9586,72.64,71.7,73.29,71.14,109560.0,1.10%,2219.0,2215.0,2213.0,2215.0,48790.0,0.41,3.7584
2023-06-10,37500.0,,,,,,,,,,,,,,,,
2023-06-11,39509.62,1954.07,30.8358,30.9586,,,,,,,,,,,,,
2023-06-17,39259.26,2007.5,,,,,,,,,,,,,,,
2023-06-19,38782.0,,30.8358,30.9586,71.31,71.47,72.25,70.83,,-0.22%,2241.0,2245.0,2244.0,2244.0,38240.0,-1.32,3.872
2023-06-21,37100.0,,30.8386,30.9586,72.52,70.86,72.69,70.8,97510.0,1.87%,2223.0,2209.0,2204.5,2205.0,48180.0,-0.31,3.9024
2023-06-22,33301.0,2030.0,30.8386,30.9586,69.63,72.4,72.62,69.07,234790.0,-3.99%,2201.0,2235.0,2234.5,2234.0,38740.0,-0.99,3.8992
2023-06-23,37100.0,2030.0,,,69.32,69.66,69.77,67.52,113920.0,-0.45%,2174.5,2176.0,2174.0,2175.0,49790.0,-1.2,3.8176
2023-06-24,32135.0,,,,,,,,,,,,,,,,
2023-06-25,38960.0,,30.8323,30.9586,,,,,,,,,,,,,
2023-06-26,37100.0,,30.8352,30.9586,69.54,69.93,70.24,68.88,94210.0,0.32%,2148.5,2155.0,2155.0,2155.0,51760.0,-1.2,3.7968
2023-06-27,39233.33,2048.59,,,67.9,69.63,70.29,67.71,170460.0,-2.36%,2195.0,2194.0,2191.0,2191.5,64050.0,2.16,3.7904
2023-07-01,37100.0,,,,,,,,,,,,,,,,
2023-07-02,37100.0,,,,,,,,,,,,,,,,
2023-07-04,39233.33,2048.59,30.8415,30.9586,71.06,70.08,71.34,69.91,,1.64%,2167.5,2156.0,2156.0,2156.0,25760.0,0.46,3.784
2023-07-05,38633.28,1919.23,30.8386,30.9586,71.88,70.25,72.25,70.03,214790.0,1.15%,2142.5,2147.0,2146.0,2147.0,50910.0,-1.15,3.7616
2023-07-06,38800.0,,30.8358,30.9586,71.79,71.85,72.37,70.28,217750.0,-0.13%,2129.0,2150.0,2149.5,2150.0,40500.0,-0.63,3.744
2023-07-07,32135.0,,,,73.77,71.85,73.82,71.22,178320.0,2.76%,2145.5,2131.0,2130.5,2130.0,40180.0,0.78,3.7824
2023-07-09,32135.0,,30.8389,30.9586,,,,,,,,,,,,,
2023-07-10,,1928.0,30.8386,30.9586,72.95,73.76,74.06,72.63,143740.0,-1.11%,2147.0,2147.0,2145.0,2147.0,37170.0,0.07,3.7936
2023-07-12,39233.0,,30.8356,30.9586,75.54,74.7,75.94,74.53,251400.0,1.11%,2236.0,2190.0,2189.0,2186.0,77010.0,3.11,3.856
2023-07-16,38800.0,,30.8328,30.9586,,,,,,,,,,,,,
2023-07-19,35500.0,,30.8356,30.9586,75.29,75.75,76.87,75.02,385600.0,-0.49%,2190.5,2190.0,2186.0,2186.0,49970.0,-0.59,3.8176
2023-07-21,38192.0,,,,76.78,75.45,76.98,75.45,106730.0,1.49%,2204.5,2200.0,2196.5,2197.0,30010.0,0.16,3.8256
2023-07-23,37388.0,,,,,,,,,,,,,,,,
2023-07-26,38039.0,1919.0,30.8414,30.9586,78.4,78.88,79.31,78.17,112970.0,-1.01%,2213.0,2215.0,2214.0,2215.0,39260.0,-1.21,3.9136
2023-07-27,37219.0,1948.0,30.8356,30.9586,79.63,78.49,80.08,78.47,138780.0,1.57%,2205.0,2220.0,2219.0,2220.0,39960.0,-0.36,3.8608
2023-07-29,37501.0,1925.0,,,,,,,,,,,,,,,
2023-07-30,36683.0,1871.0,30.8328,30.9586,,,,,,,,,,,,,
2023-07-31,37655.0,1896.0,30.8328,30.9586,81.32,80.23,81.5,79.72,92510.0,1.42%,2282.5,2242.0,2241.0,2242.0,60800.0,2.72,4.0224
2023-08-01,37601.0,1914.0,30.8328,30.9586,80.92,81.25,81.74,80.17,105360.0,-0.49%,2255.5,2262.0,2260.0,2262.0,54100.0,-1.18,3.9152
2023-08-04,36708.0,1930.0,,,82.27,81.22,82.66,81.04,108120.0,1.47%,2232.5,2210.0,2210.0,2210.0,39680.0,0.11,3.8624
2023-08-06,36017.0,1863.0,30.8326,30.9586,,,,,,,,,,,,,
2023-08-07,36868.0,1903.0,30.8326,30.9586,81.49,82.27,82.73,81.08,123010.0,-0.95%,2230.0,2225.0,2229.0,2225.0,24380.0,-0.11,3.8576
2023-08-08,36533.0,1896.0,30.8318,30.9586,82.36,82.04,82.52,79.52,187840.0,1.07%,2200.5,2193.0,2194.0,2192.0,108550.0,-1.32,3.7904
2023-08-09,37265.41,1939.06,30.8319,30.9586,83.69,82.34,83.91,82.11,279750.0,1.61%,2195.0,2208.0,2205.0,2205.0,38000.0,-0.25,3.8048
2023-08-10,37265.0,1939.0,30.8289,30.9586,82.29,83.51,84.16,82.04,166860.0,-1.67%,2204.0,2214.0,2212.0,2213.0,40190.0,0.41,3.7744
2023-08-11,36561.1,1917.88,,,82.57,82.33,83.16,81.75,174300.0,0.34%,2175.5,2178.0,2177.0,2178.0,39060.0,-1.29,3.7488
2023-08-12,36194.74,1912.0,,,,,,,,,,,,,,,
2023-08-13,36241.18,1907.78,30.8298,30.9586,,,,,,,,,,,,,
2023-08-14,36117.0,1876.0,30.8298,30.9586,81.92,82.46,82.51,81.19,126690.0,-0.79%,2146.0,2149.0,2148.0,2146.0,39950.0,-1.36,3.7504
2023-08-15,36117.0,1876.0,30.8298,30.9586,80.5,81.98,82.33,79.95,198940.0,-1.73%,2142.5,2142.0,2138.0,2140.0,64019.99999999999,-0.16,3.688
2023-08-17,36220.0,1942.0,30.8298,30.9586,79.9,78.91,80.61,78.6,239170.0,1.11%,2145.5,2175.0,2171.0,2171.5,50260.0,0.12,3.72
2023-08-19,36533.0,1895.0,,,,,,,,,,,,,,,
2023-08-21,35848.0,1870.0,30.8298,30.9586,80.12,80.76,81.75,79.97,361840.0,-0.67%,2144.0,2122.0,2122.0,2122.0,50070.0,0.33,3.7504
2023-08-22,35550.0,1888.0,30.8298,30.9586,79.64,80.25,80.37,79.46,287490.0,-0.60%,2177.0,2175.0,2172.0,2173.0,72870.0,1.54,3.7856
2023-08-24,37093.0,1911.0,30.8325,30.9586,78.66,78.3,78.95,77.32,149900.0,0.09%,2157.5,2165.0,2162.0,2162.0,36010.0,-1.01,3.7856
2023-08-25,35962.0,1908.0,,,79.49,78.49,79.98,77.82,165220.0,1.06%,2150.5,2165.0,2160.0,2160.5,38070.0,-0.32,3.784
2023-08-26,36571.0,1893.0,,,,,,,,,,,,,,,
2023-08-28,35505.0,1885.0,30.8325,30.9586,79.67,79.69,80.44,79.25,71330.0,0.23%,,,,,,,3.7968
2023-08-29,35919.0,1914.0,30.8296,30.9586,80.68,79.55,80.91,78.94,88150.0,1.27%,2168.5,2162.0,2159.0,2157.0,44750.0,0.84,3.8368
2023-09-01,35790.46,1940.27,,,84.75,82.9,85.19,82.78,169830.0,2.16%,2237.0,2236.0,2233.5,2234.0,77490.0,1.31,3.8512
2023-09-02,35165.0,1907.37,,,,,,,,,,,,,,,
2023-09-03,35570.0,1907.5,30.8296,30.9586,85.85,86.06,86.06,85.73,,1.30%,,,,,,,
2023-09-04,35570.0,1907.0,30.8296,30.9586,85.82,85.85,86.14,85.28,,-0.03%,2212.5,2200.0,2196.0,2197.0,34400.0,-1.1,3.832
2023-09-05,35807.66,1935.21,30.8296,30.9586,86.01,85.19,87.25,84.29,154050.0,0.22%,2193.0,2189.0,2188.5,2188.5,38790.0,-0.88,3.8416
2023-09-06,36019.57,1942.03,30.8288,30.9586,86.79,86.02,87.27,85.31,135350.0,0.91%,2193.5,2208.0,2205.0,2206.0,45700.0,0.02,3.7856
2023-09-07,36019.0,1942.0,30.8288,30.9586,86.15,86.8,86.99,85.68,111070.0,-0.74%,2196.0,2184.0,2178.0,2178.0,42470.0,0.11,3.7632
2023-09-08,36010.11,1943.23,,,86.81,86.01,87.2,85.49,125620.0,0.77%,2183.5,2182.0,2180.0,2179.0,41260.0,-0.57,3.7168
2023-09-10,34885.71,1847.0,30.8285,30.9586,,,,,,,,,,,,,
2023-09-11,34886.0,1847.0,30.8285,30.9586,86.66,86.74,87.49,86.12,179000.0,-0.17%,2205.5,2195.0,2194.0,2195.0,40690.0,1.01,3.8032
2023-09-14,36147.0,2001.0,30.8285,30.9586,89.61,88.19,90.2,88.04,257680.0,1.97%,2224.5,2238.0,2235.0,2235.0,46050.0,0.32,3.8192
2023-09-16,36035.0,1990.0,,,,,,,,,,,,,,,
2023-09-17,35951.0,,30.8285,30.9586,,,,,,,,,,,,,
2023-09-18,35952.0,1962.0,30.8285,30.9586,90.58,90.41,91.36,89.91,414190.0,0.62%,2220.0,2209.0,2205.0,2205.0,57000.0,1.37,3.7808
2023-09-19,36715.0,2015.0,30.8285,30.9586,90.48,90.97,92.43,90.31,537520.0,-0.11%,2215.5,2220.0,2215.0,2215.5,39690.0,-0.2,3.7568
2023-09-22,36252.0,2011.0,,,88.35,88.27,89.65,87.82,253890.0,0.03%,2240.5,2240.0,2239.0,2240.0,54990.0,1.29,3.7008
2023-09-23,36312.0,1965.0,,,,,,,,,,,,,,,
2023-09-24,36206.82,2017.0,30.8285,30.9586,,,,,,,,,,,,,
2023-09-27,36017.0,1959.0,30.8283,30.9586,91.3,88.92,91.73,88.8,293270.0,2.84%,2238.0,2226.0,2225.0,2226.0,48750.0,-0.25,3.6496
2023-10-05,36097.26,2012.56,,,80.81,82.85,83.23,80.61,234180.0,-2.11%,2232.0,2235.0,2231.0,2233.0,41330.0,-0.65,3.5728
2023-10-07,36097.0,2013.0,,,,,,,,,,,,,,,
2023-10-08,34856.0,1982.0,30.8283,30.9586,,,,,,,,,,,,,
2023-10-09,35752.82,2007.81,30.8274,30.9586,84.6,83.2,85.56,82.95,246680.0,4.08%,2241.5,2229.0,2227.0,2229.0,45560.0,0.09,3.6736
2023-10-10,35669.29,1997.73,30.8274,30.9586,84.13,84.7,84.94,83.39,246750.0,-0.56%,2212.5,2232.0,2230.0,2230.0,45590.0,-1.29,3.6416
2023-10-11,35856.66,1978.57,30.8274,30.9586,82.07,84.16,84.72,81.63,286840.0,-2.45%,2214.0,2215.0,2213.0,2215.0,32770.0,0.07,3.6224
2023-10-12,35857.0,1979.0,30.8303,30.9586,81.8,81.84,83.75,81.31,296210.0,-0.33%,2200.0,2212.0,2208.0,2208.0,48570.0,-0.63,3.6
2023-10-13,36201.88,1984.4,,,86.35,82.27,86.51,82.17,290380.0,5.56%,2199.5,2203.0,2200.5,2201.0,40020.0,-0.02,3.5856
2023-10-14,36253.33,2024.74,,,,,,,,,,,,,,,
2023-10-15,36358.61,2001.21,30.8306,30.9586,,,,,,,,,,,,,
2023-10-16,36015.02,1951.18,30.8277,30.9586,85.26,86.37,86.94,85.0,205580.0,-1.26%,2180.5,2194.0,2191.0,2191.0,43470.0,-0.86,3.5952
2023-10-20,35918.0,1969.0,,,88.08,89.09,89.85,87.53,311920.0,-0.33%,2181.5,2175.0,2177.0,2175.0,27910.0,-0.16,3.5728
2023-10-22,35802.0,2036.0,30.8277,30.9586,,,,,,,,,,,,,
2023-10-25,37000.0,,30.8277,30.9586,84.69,82.99,84.85,81.44,141320.0,2.07%,2219.0,2212.0,2210.0,2208.5,47390.0,1.28,3.6096
2023-10-27,37000.0,1969.0,,,84.7,82.88,85.0,82.41,101150.0,2.62%,2220.0,2192.0,2191.0,2190.5,48140.0,1.02,3.6656
2023-10-28,42000.0,,,,,,,,,,,,,,,,
2023-10-30,37000.0,1969.0,30.8277,30.9586,81.68,84.25,84.39,81.16,119750.0,-3.57%,2266.5,2260.0,2257.0,2258.0,62100.0,2.09,4.0352
2023-11-01,40024.0,2512.0,30.8306,30.9586,80.1,80.98,82.82,79.96,160140.0,-0.50%,2236.5,2247.0,2241.0,2241.5,42640.0,-0.67,3.9968
2023-11-02,40024.0,2563.0,30.8277,30.9586,82.16,80.44,82.44,80.01,158210.0,2.57%,2227.5,2240.0,2237.0,2238.0,41980.0,-0.4,4.0144
2023-11-03,40131.0,2539.0,,,80.23,82.25,83.2,79.84,213050.0,-2.35%,2254.0,2245.0,2242.0,2242.0,40540.0,1.19,4.016
2023-11-04,40131.0,2313.0,,,,,,,,,,,,,,,
2023-11-05,39767.0,2348.0,30.8277,30.9586,,,,,,,,,,,,,
2023-11-06,40153.0,2424.0,30.8306,30.9586,80.6,80.76,81.9,80.33,131580.0,0.46%,2287.5,2279.0,2278.0,2279.0,51860.0,1.49,3.7125
2023-11-08,39846.0,2434.0,30.8277,30.9586,75.31,77.03,77.43,74.92,219200.0,-2.46%,2263.5,2270.0,2273.0,2270.0,38180.0,-0.07,3.636
2023-11-09,40874.0,2453.0,30.8306,30.9586,75.75,75.63,77.12,75.18,172860.0,0.58%,2242.5,2237.0,2236.0,2236.0,51750.0,-0.93,3.6325
2023-11-10,40874.0,2453.0,,,77.15,75.65,77.71,75.36,159390.0,1.85%,2215.0,2222.0,2219.0,2221.0,68040.0,-1.23,3.5965
2023-11-11,38550.0,2322.0,,,,,,,,,,,,,,,
2023-11-12,38550.0,2322.0,30.8306,30.9586,,,,,,,,,,,,,
2023-11-13,39040.0,2515.0,30.8306,30.9586,78.19,77.18,78.54,76.19,157420.0,1.35%,2223.5,2230.0,2225.0,2222.5,51720.0,0.38,3.671
2023-11-14,40809.0,2350.0,30.8306,30.9586,78.17,78.48,79.65,77.73,166180.0,-0.03%,2231.0,2220.0,2218.0,2218.5,59270.0,0.34,3.6765
2023-11-15,38470.0,2284.0,30.8306,30.9586,76.79,78.1,78.69,76.45,253170.0,-1.77%,2232.5,2233.0,2232.5,2232.5,50730.0,0.07,3.713
2023-11-16,38470.0,1861.0,30.8306,30.9586,73.09,76.71,76.8,72.37,428820.0,-4.82%,2215.5,2223.0,2219.0,2220.0,50830.0,-0.76,3.695
2023-11-17,42532.0,2597.0,,,76.04,73.11,76.19,72.91,368480.0,4.04%,2207.0,2203.5,2203.0,2203.5,50950.0,-0.38,3.734
2023-11-18,42532.0,2436.0,,,,,,,,,,,,,,,
2023-11-20,41342.0,2507.0,30.8306,30.9586,77.83,75.8,78.46,75.41,270640.0,2.35%,2245.5,2227.0,2228.0,2227.0,56950.0,1.74,3.8095
2023-11-21,40678.0,2435.0,30.8306,30.9586,77.92,77.69,78.04,77.04,69050.0,0.12%,2258.5,2244.0,2239.0,2239.0,68140.0,0.58,
2023-11-22,40834.0,2445.0,30.8306,30.9586,77.25,77.92,78.11,73.98,99860.0,-0.86%,2218.5,2235.0,2237.0,2233.0,57600.0,-1.77,
2023-11-23,40560.0,2426.0,30.8306,30.9586,76.34,76.69,76.81,75.31,,-1.18%,2224.5,2221.0,2220.0,2221.0,25810.0,0.27,
2023-11-25,40395.0,2490.0,,,,,,,,,,,,,,,
2023-11-27,41062.0,2265.0,30.8306,30.9586,75.09,75.57,76.42,74.35,84350.0,-0.90%,2210.5,2223.0,2221.0,2221.5,43900.0,-0.25,3.8
2023-11-28,40651.0,2311.0,30.8306,30.9586,76.59,75.32,77.13,74.88,121440.0,2.00%,2217.0,2207.0,2208.0,2207.0,58480.0,0.29,3.84
2023-11-29,40104.0,2263.0,30.8306,30.9586,77.99,76.67,78.18,75.87,112410.0,1.83%,2214.0,2220.0,2217.5,2218.0,45230.0,-0.14,3.83
2023-11-30,40104.0,2263.0,30.8306,30.9586,76.05,77.79,79.67,75.16,209440.0,-2.49%,2193.0,2202.0,2200.0,2198.0,63090.0,-0.95,3.85
2023-12-01,40394.0,2273.0,,,74.25,75.71,76.81,74.13,127630.0,-2.37%,2209.0,2187.0,2183.0,2185.0,78710.0,0.73,3.93
2023-12-02,41238.0,2281.0,,,,,,,,,,,,,,,
2023-12-03,41610.0,2276.0,30.8277,30.9586,,,,,,,,,,,,,
2023-12-04,40517.0,2286.0,30.8249,30.9557,73.32,74.76,75.2,72.87,158420.0,-1.25%,2182.0,2190.0,2188.0,2188.5,58390.0,-1.22,3.84
2023-12-05,40626.0,2274.0,30.8249,30.9557,72.53,73.59,74.34,72.24,142710.0,-1.08%,2160.0,2164.0,2162.5,2162.5,72110.0,-1.01,3.78
2023-12-06,40626.0,2274.0,30.8277,30.9586,69.65,72.33,72.84,69.39,183910.0,-3.97%,2148.5,2155.0,2156.0,2155.0,48020.0,-0.53,3.73
2023-12-07,40754.0,2263.0,30.8277,30.9586,69.59,69.57,70.7,69.08,144370.0,-0.09%,2132.5,2142.0,2140.0,2140.0,57900.0,-0.74,3.8
2023-12-08,40742.0,2263.0,,,71.44,70.0,71.81,69.75,124730.0,2.66%,2134.0,2155.0,2150.0,2150.5,61180.0,0.07,3.8336
2023-12-09,40742.0,2263.0,,,,,,,,,,,,,,,
2023-12-10,41338.0,2275.0,30.8277,30.9586,,,,,,,,,,,,,
2023-12-11,41220.0,2278.0,30.8277,30.9586,71.56,71.36,72.03,70.61,119850.0,0.17%,2117.0,2128.0,2126.5,2126.0,54540.0,-0.8,3.784
2023-12-12,41312.0,2281.0,30.8277,30.9586,68.85,71.67,72.2,68.49,189450.0,-3.79%,2121.0,2140.0,2137.0,2136.5,52890.0,0.19,3.7936
2023-12-13,41065.0,2269.0,30.8277,30.9586,69.72,68.99,70.15,67.98,185240.0,1.26%,2140.0,2130.0,2126.0,2124.0,60910.0,0.9,3.8352
2023-12-15,40641.0,2302.0,,,71.78,71.91,72.56,70.64,262870.0,-0.18%,2247.5,2250.0,2249.0,2249.0,122120.0,1.7,3.8784
2023-12-16,40928.0,2271.0,,,,,,,,,,,,,,,
2023-12-17,41339.0,2275.0,30.8277,30.9586,,,,,,,,,,,,,
2023-12-18,41465.0,2234.0,30.8277,30.9586,72.82,72.05,74.61,70.99,354890.0,1.45%,2283.0,2262.0,2261.5,2262.0,74700.0,1.58,3.848
2023-12-19,40891.0,2288.0,30.8249,30.9557,73.94,72.93,74.45,72.14,230040.0,1.54%,2262.5,2273.0,2272.0,2272.5,59360.0,-0.9,3.9072
2023-12-20,40891.0,2288.0,30.8277,30.9586,74.45,74.31,75.56,73.87,98970.0,0.69%,2241.0,2248.0,2247.0,2243.5,103250.0,-0.95,3.88
2023-12-21,40891.0,2288.0,30.8277,30.9586,74.06,73.99,74.78,72.65,81110.0,-0.52%,2244.0,2233.0,2232.5,2233.0,41940.0,0.13,3.928
2023-12-22,40838.0,2251.0,,,73.73,74.07,75.11,73.55,76790.0,-0.45%,2326.0,2282.0,2279.0,2279.0,90090.0,3.65,3.9008
2023-12-23,41740.0,2289.0,,,,,,,,,,,,,,,
2023-12-24,41667.0,2257.0,30.8249,30.9557,,,,,,,,,,,,,
2023-12-25,41692.0,2262.0,30.8277,30.9586,73.79,73.49,73.94,73.48,,0.08%,,,,,,,3.9008
2023-12-26,41359.0,2187.0,30.8277,30.9586,75.71,73.74,76.31,73.32,56760.0,2.60%,,,,,,,3.9024
2023-12-27,41619.0,2202.0,30.8277,30.9586,74.34,75.57,75.81,74.01,80380.0,-1.81%,2387.0,2348.0,2346.0,2346.0,75270.0,2.62,3.9552
2023-12-28,41588.0,2196.0,30.8277,30.9586,71.97,74.04,74.62,71.92,94290.0,-3.19%,2378.0,2367.0,2366.0,2367.0,65890.0,-0.38,3.9168
2023-12-29,41749.0,2213.0,,,71.84,72.15,72.8,71.47,63480.0,-0.18%,2384.0,2382.0,2382.0,2381.0,42760.0,0.25,3.8912
2023-12-30,42074.0,2272.0,,,,,,,,,,,,,,,
2023-12-31,42527.0,2272.0,30.8277,30.9586,,,,,,,,,,,,,
2024-01-01,42472.0,2245.0,,,71.97,71.67,72.24,71.67,,0.18%,,,,,,,3.8912
2024-01-02,42429.0,2275.0,30.8249,30.9557,70.62,71.9,73.8,70.32,108520.0,-1.88%,2335.5,2384.0,2378.0,2379.0,63260.0,-2.03,3.8704
2024-01-03,42672.0,2196.0,30.8249,30.9557,72.89,70.77,73.36,69.56,129060.0,3.21%,2312.5,2305.0,2301.0,2302.0,64290.00000000001,-0.98,3.872
2024-01-04,42828.0,2230.0,30.8272,30.9586,72.36,73.2,74.12,71.24,144600.0,-0.73%,2281.0,2283.0,2286.0,2282.0,49500.0,-1.36,3.8512
2024-01-05,42628.0,2283.0,,,73.86,72.51,74.3,72.35,164950.0,2.07%,2273.5,2262.0,2262.0,2262.0,51500.0,-0.33,3.8016
2024-01-06,42654.0,2262.0,,,,,,,,,,,,,,,
2024-01-07,42654.0,2262.0,,,,,,,,,,,,,,,
2024-01-08,42724.0,2280.0,30.8272,30.9586,70.92,73.6,73.98,70.25,193270.0,-3.98%,2236.5,2253.0,2252.0,2252.0,55620.0,-1.63,3.8224
2024-01-09,42724.0,2280.0,30.8272,30.9586,72.29,70.92,72.99,70.63,204370.0,1.93%,2249.5,2250.0,2246.0,2247.0,49140.0,0.58,3.7616
2024-01-10,42817.0,2276.0,30.8272,30.9586,71.44,72.2,73.55,71.09,198040.0,-1.18%,2232.5,2245.0,2244.0,2244.0,42840.0,-0.76,3.7888
2024-01-11,42817.0,2276.0,30.8272,30.9586,72.09,71.35,73.81,71.24,240340.0,0.91%,2235.0,2245.0,2244.0,2245.0,56730.0,0.11,3.7904
2024-01-12,43950.0,2322.0,,,72.79,73.16,75.28,72.48,244200.0,0.97%,2219.5,2223.0,2222.5,2223.0,55890.0,-0.69,3.736
2024-01-14,43950.0,2322.0,30.8272,30.9586,,,,,,,,,,,,,
2024-01-16,43401.0,2313.0,30.8272,30.9586,72.52,72.73,73.68,71.39,312940.0,-0.37%,2214.0,2207.0,2205.0,2207.0,50410.0,0.43,3.768
2024-01-17,43589.0,2350.0,30.8272,30.9586,72.48,72.11,72.86,70.62,348480.0,-0.06%,2178.0,2190.0,2189.0,2189.5,71080.0,-1.63,3.7424
2024-01-20,48300.0,2373.0,,,,,,,,,,,,,,,
2024-01-21,48300.0,2373.0,30.8272,30.9586,,,,,,,,,,,,,
2024-01-22,43000.0,2373.0,30.83,30.9586,74.76,73.6,75.46,72.56,372280.0,2.06%,2159.0,2158.0,2153.0,2154.0,49950.0,-0.32,3.7456
2024-01-24,48300.0,2390.0,30.8272,30.9586,74.98,74.47,75.7,73.85,100360.0,0.96%,2229.5,2252.0,2243.0,2244.0,88650.0,0.07,3.8736
2024-01-29,55281.0,2373.0,30.8272,30.9586,76.67,78.72,79.09,76.3,103540.0,-1.53%,2264.5,2254.0,2251.0,2251.0,55080.0,-0.44,3.8864
2024-01-30,50465.0,2426.0,30.8272,30.9586,77.65,76.75,77.95,75.73,118710.0,1.28%,2274.5,2262.0,2265.0,2262.0,49530.0,0.44,3.9168
2024-01-31,52553.0,2384.0,30.8272,30.9586,75.71,77.66,77.91,75.38,104940.0,-2.50%,2280.0,2274.0,2270.5,2270.5,52650.0,0.24,3.888
2024-02-01,53240.0,2406.0,30.8272,30.9586,73.79,75.54,76.75,73.68,238840.0,-2.54%,2247.0,2251.0,2251.0,2250.0,49340.0,-1.45,3.8512
2024-02-03,53683.0,2488.0,,,,,,,,,,,,,,,
2024-02-04,54533.0,2343.0,30.8272,30.9586,,,,,,,,,,,,,
2024-02-05,54533.0,2343.0,30.8272,30.9586,72.85,72.7,73.3,71.49,151300.0,0.76%,2212.5,2220.0,2219.0,2219.5,44460.0,-0.94,3.7728
2024-02-06,55280.0,2343.0,30.8272,30.9586,73.37,72.81,73.88,72.48,123620.0,0.71%,2230.5,2222.0,2220.0,2221.0,61350.0,0.81,3.784
2024-02-07,49920.0,,30.8272,30.9586,73.91,73.53,74.25,73.29,133420.0,0.74%,2222.0,2230.0,2228.0,2230.0,43500.0,-0.38,3.736
2024-02-08,56508.0,2406.0,30.8272,30.9586,76.19,74.12,76.49,73.65,229890.0,3.08%,2221.5,2239.0,2237.0,2238.0,49760.0,-0.02,3.7088
2024-02-09,56508.0,2406.0,,,76.77,76.32,77.17,75.88,172000.0,0.76%,2216.0,2215.0,2212.0,2212.0,48950.0,-0.25,3.6864
2024-02-10,55253.0,2399.0,,,,,,,,,,,,,,,
2024-02-11,53616.0,2384.0,30.8272,30.9586,,,,,,,,,,,,,
2024-02-12,53693.0,2487.0,30.8272,30.9586,76.82,76.54,77.0,75.49,169640.0,0.07%,2227.0,2217.0,2214.0,2216.0,45200.0,0.5,3.72
2024-02-13,49921.0,2440.0,30.8272,30.9586,77.56,76.9,78.1,76.77,253500.0,0.96%,2225.5,2315.0,2232.0,2234.0,35230.0,-0.07,3.7088
2024-02-15,55512.0,2468.0,30.8272,30.9586,77.59,76.33,78.07,75.52,342330.0,1.61%,2224.5,2228.0,2225.5,2226.0,74100.0,-0.49,3.7584
2024-02-16,56367.0,2461.0,,,78.46,77.63,78.52,76.69,451360.0,1.12%,2218.0,2230.0,2230.0,2230.0,50020.0,-0.29,3.8224
2024-02-17,56775.0,2482.0,,,,,,,,,,,,,,,
2024-02-18,56775.0,2482.0,30.8272,30.9586,,,,,,,,,,,,,
2024-02-20,55432.0,2421.0,30.8272,30.9586,77.04,78.34,78.56,76.8,435240.0,-1.37%,2193.5,2185.0,2183.0,2183.0,63440.0,-0.16,3.856
2024-02-21,55343.0,2354.0,30.8272,30.9586,77.31,76.74,77.45,75.95,133710.0,0.35%,2219.5,2255.0,2253.0,2251.0,107970.0,1.19,3.88
2024-02-22,,2354.0,30.8272,30.9586,77.93,77.46,78.17,76.62,145390.0,0.80%,2198.0,2225.0,2223.0,2223.0,75190.0,-0.97,3.896
2024-02-24,57615.0,2260.0,,,,,,,,,,,,,,,
2024-02-25,57615.0,2260.0,30.8286,30.9586,,,,,,,,,,,,,
2024-02-26,55820.0,2345.0,30.8286,30.9586,77.09,76.04,77.55,75.5,117050.0,1.33%,2180.0,2187.0,2185.0,2185.5,42310.0,0.0,3.8368
2024-02-27,55343.0,2367.0,30.83,30.9586,78.23,77.11,78.33,76.67,98880.0,1.48%,2191.5,2200.0,2198.0,2198.0,44440.0,0.53,3.8544
2024-02-28,55343.0,2367.0,30.83,30.9586,77.83,77.88,78.83,77.17,142990.0,-0.51%,2190.5,2183.0,2180.0,2179.0,48120.0,-0.05,3.8368
2024-03-01,53558.0,2369.0,,,79.09,77.49,79.87,77.3,175930.0,2.12%,2245.0,2225.0,2223.0,2222.0,59750.0,0.76,3.8592
2024-03-02,53558.0,2319.0,,,,,,,,,,,,,,,
2024-03-03,53935.0,2213.0,30.83,30.9586,,,,,,,,,,,,,
2024-03-04,55163.0,2278.0,30.8408,30.9586,78.17,79.24,79.53,77.93,154860.0,-1.16%,2234.0,2227.0,2225.5,2226.0,46960.0,-0.49,3.856
2024-03-05,55000.0,2306.0,30.8323,30.9586,77.41,78.19,78.64,77.05,220430.0,-0.97%,2228.5,2238.0,2235.0,2234.0,42390.0,-0.25,3.8432
2024-03-06,52395.0,2377.0,49.432,49.5686,78.41,77.44,79.69,77.25,200040.0,1.29%,2235.0,2235.0,2231.0,2231.0,45090.0,0.29,3.8688
2024-03-07,52395.0,2340.0,49.3347,49.4671,78.32,78.41,78.89,77.47,215580.0,-0.11%,2253.0,2260.0,2255.5,2255.5,76630.0,0.81,3.9248
2024-03-08,50674.0,2377.0,,,77.5,78.77,79.29,77.05,175730.0,-1.05%,2240.0,2259.0,2256.0,2257.0,54220.0,-0.58,3.8896
2024-03-09,50250.0,2185.0,,,,,,,,,,,,,,,
2024-03-10,49753.0,2153.0,49.0891,49.2228,,,,,,,,,,,,,
2024-03-11,51089.0,2417.0,48.9729,49.1111,77.53,77.24,78.03,76.43,175740.0,0.04%,2259.0,2248.0,2245.0,2243.0,48680.0,0.85,3.9328
2024-03-12,51090.0,2418.0,48.7189,48.8546,77.25,77.71,78.31,77.01,178800.0,-0.36%,2265.0,2263.0,2262.0,2263.0,53120.0,0.27,3.9392
2024-03-13,51201.0,2334.0,48.3529,48.4909,79.3,77.72,79.46,77.31,209240.0,2.65%,2264.0,2270.0,2269.5,2270.0,45450.0,-0.04,4.0592
2024-03-14,51079.0,2361.0,47.7674,47.9019,80.74,79.24,81.03,79.15,248800.0,1.82%,2251.5,2255.0,2254.5,2255.0,42590.0,-0.55,4.0496
2024-03-15,51243.0,2336.0,,,80.58,80.58,80.89,80.01,215800.0,-0.20%,2274.5,2273.0,2271.0,2270.0,61210.0,1.02,4.1216
2024-03-16,51242.0,2336.0,,,,,,,,,,,,,,,
2024-03-17,48792.0,2173.0,47.1877,47.3254,,,,,,,,,,,,,
2024-03-18,50892.0,2356.0,47.094,47.2299,82.16,80.58,82.5,80.56,323920.0,1.96%,2277.5,2276.0,2273.0,2272.5,63010.0,0.13,4.1328
2024-03-19,50892.0,2356.0,47.0103,47.1491,82.73,82.21,83.12,81.81,341700.0,0.69%,2269.0,2255.0,2254.0,2255.0,113230.0,-0.37,4.0656
2024-03-20,50565.0,2348.0,46.8872,47.0188,81.27,82.53,82.65,80.83,351160.0,-1.76%,2273.0,2283.0,2282.5,2283.0,61180.0,0.18,4.0976
2024-03-21,51265.0,2348.0,46.6079,46.7465,80.64,81.0,81.38,79.91,115750.0,-0.78%,2301.5,2315.0,2312.0,2312.0,87410.0,1.25,4.0624
2024-03-22,50049.0,2339.0,,,80.17,80.39,80.97,79.99,103440.0,-0.58%,2309.0,2295.0,2294.5,2295.0,78730.0,0.33,4.008
2024-03-23,50312.0,2150.0,,,,,,,,,,,,,,,
2024-03-24,50312.0,2150.0,46.4947,46.6257,,,,,,,,,,,,,
2024-03-25,49014.0,2196.0,47.3489,47.4871,81.38,80.4,81.84,80.13,153140.0,1.51%,2326.0,2323.0,2319.5,2319.0,68450.0,0.74,4.016
2024-03-26,50719.0,2337.0,47.718,47.856,81.04,81.44,81.77,80.63,118750.0,-0.42%,2303.5,2325.0,2324.0,2324.0,60450.0,-0.97,4.0064
2024-03-27,51022.0,2337.0,47.2091,47.3483,80.78,80.71,81.12,79.99,109070.0,-0.32%,2298.5,2287.0,2286.0,2287.0,52640.0,-0.22,4.0096
2024-03-28,51022.0,2337.0,47.3289,47.4651,82.42,81.11,82.46,80.91,148490.0,2.03%,2337.0,2313.0,2310.0,2310.0,62230.0,1.68,4.0128
2024-03-29,50752.0,2310.0,,,,,,,,,,,,,,,4.0112
2024-03-30,48312.0,2175.0,,,,,,,,,,,,,,,
2024-03-31,49335.0,2223.0,47.1469,47.284,,,,,,,,,,,,,
2024-04-01,49444.0,2375.0,47.1241,47.2598,82.82,82.36,83.46,81.84,199890.0,0.49%,,,,,,,4.0512
2024-04-02,49652.0,2375.0,47.0961,47.2291,84.22,83.14,84.56,82.96,197830.0,1.69%,2380.0,2370.0,2365.0,2363.0,112270.0,1.84,4.0768
2024-04-03,48731.0,2350.0,47.328,47.4676,84.61,84.54,85.27,83.99,190900.0,0.46%,2429.0,2380.0,2378.0,2380.0,121770.0,2.06,4.2064
2024-04-04,48731.0,2337.0,47.3129,47.4446,85.81,84.82,86.41,83.94,218700.0,1.42%,2444.5,2440.0,2439.0,2440.0,103720.0,0.64,4.2336
2024-04-05,49090.0,2323.0,,,86.1,85.98,86.83,85.62,211840.0,0.34%,2450.5,2439.0,2432.0,2432.0,89210.0,0.25,4.2368
2024-04-06,47133.0,2150.0,,,,,,,,,,,,,,,
2024-04-07,47133.0,2150.0,47.486,47.6231,,,,,,,,,,,,,
2024-04-08,46580.0,2352.0,47.5234,47.6588,85.53,85.19,86.21,83.93,207990.0,-0.66%,2460.5,2462.0,2461.5,2462.0,106850.0,0.41,4.2912
2024-04-09,46716.0,2272.0,,,84.46,85.69,86.07,84.29,198560.0,-1.25%,2460.0,2460.0,2464.5,2454.5,76760.0,-0.02,4.2896
2024-04-10,46716.0,2272.0,,,85.44,84.57,85.6,83.86,233960.0,1.16%,2456.0,2485.0,2485.0,2483.0,87390.0,-0.16,4.272
2024-04-11,46716.0,2272.0,,,84.45,85.6,85.89,84.25,249970.0,-1.16%,2454.0,2464.0,2459.0,2460.0,48910.0,-0.08,4.2608
2024-04-12,46716.0,2272.0,,,85.08,85.0,86.97,84.67,245330.0,0.75%,2494.0,2495.0,2495.0,2495.0,91760.0,1.63,4.264
2024-04-14,46716.0,2272.0,,,,,,,,,,,,,,,
2024-04-15,46716.0,2272.0,48.2921,48.4271,84.86,84.99,85.5,83.49,253340.0,-0.26%,2555.0,2555.0,2546.0,2548.0,196150.0,2.45,4.36
2024-04-16,46625.0,2296.0,48.4836,48.62,84.83,85.16,85.6,84.22,217440.0,-0.04%,2561.5,2540.0,2536.0,2535.0,85900.0,0.25,4.3056
2024-04-17,46716.0,2272.0,48.444,48.58,82.15,84.82,84.97,82.01,387630.0,-3.16%,2587.0,2570.0,2568.0,2565.0,105910.0,1.0,4.3408
2024-04-18,44941.0,2232.0,48.2683,48.4066,82.1,82.28,82.84,81.06,366750.0,-0.06%,2614.5,2595.0,2591.5,2591.5,90810.0,1.06,4.4256
2024-04-19,44941.0,2232.0,,,82.22,81.99,85.64,81.13,556460.0,0.15%,2669.0,2656.0,2654.5,2655.0,115940.0,2.08,4.496
2024-04-20,45090.0,2274.0,,,,,,,,,,,,,,,
2024-04-21,42680.0,2150.0,48.3169,48.4526,,,,,,,,,,,,,
2024-04-22,42915.0,2213.0,48.0876,48.2263,81.9,81.84,82.29,80.7,313910.0,-0.39%,2670.5,2667.0,2660.0,2660.5,78630.0,0.06,4.4848
2024-04-23,42680.0,2150.0,47.9935,48.1294,82.56,81.43,82.62,80.25,172230.0,0.81%,2579.0,2589.0,2590.0,2585.5,112140.0,-3.43,4.4336
2024-04-24,43841.0,2225.0,47.8317,47.9685,82.09,82.6,82.9,81.71,142450.0,-0.57%,2603.0,2600.0,2599.0,2597.0,73420.0,0.93,4.456
2024-04-25,42543.0,2216.0,,,82.75,82.09,83.0,81.27,132560.0,0.80%,2563.5,2610.0,2610.0,2610.0,67890.0,-1.52,4.5408
2024-04-26,42881.0,2209.0,,,83.13,82.97,83.63,82.59,98780.0,0.46%,2569.5,2590.0,2586.5,2586.5,52040.0,0.23,4.568
2024-04-27,42888.0,2220.0,,,,,,,,,,,,,,,
2024-04-28,42750.0,2209.0,47.67,47.8054,,,,,,,,,,,,,
2024-04-29,42671.0,2247.0,47.8529,47.992,82.03,82.99,83.19,81.81,170810.0,-1.32%,2590.0,2570.0,2567.0,2568.0,56400.0,0.8,4.672
2024-04-30,42559.0,2182.0,47.786,47.9254,81.28,82.16,82.65,80.34,233660.0,-0.91%,2591.5,2576.5,2576.5,2576.5,63050.0,0.06,4.5504
2024-05-02,42155.0,2218.0,47.8874,48.0246,78.48,78.6,79.34,77.91,174670.0,0.05%,2528.0,2553.5,2560.0,2553.5,74220.0,-1.92,4.5056
2024-05-03,42155.0,2218.0,,,77.76,78.61,79.17,77.62,217260.0,-0.92%,2551.5,2550.0,2546.0,2545.5,59790.0,0.93,4.5584
2024-05-04,42373.0,2223.0,,,,,,,,,,,,,,,
2024-05-05,41664.0,2166.0,,,,,,,,,,,,,,,
2024-05-06,41611.0,2131.0,,,78.14,77.88,78.68,77.56,152590.0,0.49%,,,,,,,4.6112
2024-05-07,41611.0,2131.0,47.6493,47.7877,78.06,78.39,78.8,77.29,192570.0,-0.10%,2569.5,2560.0,2557.5,2557.0,64060.0,0.71,4.5904
2024-05-08,42867.0,2262.0,47.4828,47.6211,78.56,77.96,78.8,76.63,228440.0,0.64%,2549.0,2532.0,2529.5,2529.0,56150.0,-0.8,4.5424
2024-05-09,42622.0,2283.0,47.2716,47.4059,78.8,78.79,79.32,78.46,184460.0,0.31%,2561.5,2542.0,2540.5,2540.0,34790.0,0.49,4.6032
2024-05-10,41185.0,2152.5,,,77.84,79.11,79.47,77.73,164350.0,-1.22%,2529.5,2557.0,2552.0,2554.0,73570.0,-1.25,4.6528
2024-05-11,41965.0,2226.0,,,,,,,,,,,,,,,
2024-05-12,41352.0,2152.0,47.2126,47.349,,,,,,,,,,,,,
2024-05-13,41353.0,2153.0,46.9894,47.1218,78.6,77.76,78.99,77.35,200280.0,0.98%,2542.0,2550.0,2549.5,2550.0,74040.0,0.49,4.7712
2024-05-14,41878.0,2286.0,46.798,46.9288,77.65,78.72,78.86,77.26,259529.99999999997,-1.21%,2551.0,2538.0,2536.0,2538.0,68970.0,0.35,4.9056
2024-05-15,42868.0,2272.0,46.7854,46.9154,78.16,78.03,78.43,76.36,299560.0,0.66%,2598.5,2579.0,2577.0,2577.0,90120.0,1.86,4.9232
2024-05-16,42191.0,2236.0,46.8342,46.9731,78.74,78.36,79.3,77.75,277250.0,0.74%,2586.5,2596.0,2594.0,2594.0,79570.0,-0.46,4.8816
2024-05-17,42138.0,2251.0,,,79.58,78.92,79.66,78.58,321030.0,1.07%,2612.0,2600.0,2597.5,2598.0,49420.0,0.99,5.0832
2024-05-18,42138.0,2251.0,,,,,,,,,,,,,,,
2024-05-19,40844.0,2162.0,46.7901,46.9213,,,,,,,,,,,,,
2024-05-20,42031.0,2257.0,46.5566,46.6939,79.3,79.58,80.11,78.67,342090.0,-0.35%,2630.0,2625.0,2622.0,2622.5,59790.0,0.69,5.1056
2024-05-21,42985.0,2303.0,46.5776,46.7153,78.66,79.23,79.3,77.65,371670.0,-0.81%,2725.5,2704.0,2703.5,2704.0,148050.0,3.63,5.1024
2024-05-22,41681.0,2276.0,46.7429,46.878,77.15,77.9,78.03,76.85,139450.0,-1.92%,2636.5,2677.0,2675.0,2673.0,90170.0,-3.27,4.8
2024-05-23,42682.0,2279.0,47.058,47.1845,76.46,76.9,78.21,76.03,125720.0,-0.89%,2621.5,2610.0,2602.0,2602.5,63010.0,-0.57,4.776
2024-05-24,42682.0,2279.0,,,77.23,76.62,77.55,75.75,139520.0,1.01%,2662.0,2650.0,2649.0,2650.0,51710.0,1.54,4.7584
2024-05-25,42840.0,2225.0,,,,,,,,,,,,,,,
2024-05-26,40242.0,2146.0,46.8815,47.018,,,,,,,,,,,,,
2024-05-27,41432.0,2282.0,47.1097,47.2466,78.65,77.84,78.8,77.75,,1.84%,,,,,,,4.824
2024-05-28,41965.0,2268.0,47.4502,47.5877,79.35,77.36,79.79,77.24,121480.0,0.89%,2729.5,2705.0,2703.5,2704.0,57680.0,2.54,4.8512
2024-05-29,41793.0,2282.0,47.2509,47.3874,78.8,79.78,80.11,78.57,123480.0,-0.69%,2767.5,2741.0,2740.0,2741.0,74360.0,1.39,4.7936
2024-05-31,41422.0,2252.0,,,76.73,77.5,78.27,76.37,157560.0,-1.04%,2652.5,2717.0,2711.5,2712.0,72910.0,-1.89,4.5904
2024-06-01,41014.0,2157.0,,,,,,,,,,,,,,,
2024-06-02,41014.0,2157.0,47.2644,47.4007,,,,,,,,,,,,,
2024-06-03,41663.0,2283.0,47.0711,47.211,74.09,76.73,77.23,73.84,219930.0,-3.44%,2661.5,2672.0,2668.0,2670.0,50280.0,0.34,4.648
2024-06-04,41981.0,2246.0,47.3717,47.5089,73.06,73.89,73.99,72.44,209680.0,-1.39%,2663.5,2645.0,2642.0,2642.0,69630.0,0.08,4.5456
2024-06-05,41462.0,2217.0,47.5594,47.6954,73.82,72.72,74.07,72.69,159600.0,1.04%,2622.0,2625.0,2625.0,2624.0,60690.0,-1.56,4.6224
2024-06-06,41838.0,2252.0,47.4527,47.5857,75.24,74.03,75.47,73.82,145060.0,1.92%,2647.5,2645.0,2643.5,2644.0,45410.0,0.97,4.6224
2024-06-07,41466.0,2246.0,,,75.22,75.38,75.9,74.93,139590.0,-0.03%,2578.0,2632.0,2628.0,2629.0,62230.0,-2.63,4.6704
2024-06-08,41150.0,2157.0,,,,,,,,,,,,,,,
2024-06-09,41150.0,2157.5,47.5229,47.661,,,,,,,,,,,,,
2024-06-10,41694.0,2259.78,47.6471,47.7843,77.33,74.97,77.85,74.94,181840.0,2.81%,2572.0,2575.0,2574.0,2575.0,54170.0,-0.23,4.5488
2024-06-11,40864.0,2247.0,47.4854,47.6251,77.55,77.65,77.99,76.86,202570.0,0.28%,2533.5,2538.0,2533.0,2533.0,64620.00000000001,-1.5,4.5216
2024-06-12,41413.0,2203.0,47.6438,47.7781,78.15,77.8,78.94,77.56,209180.0,0.77%,2575.5,2532.0,2531.0,2529.0,58670.0,1.66,4.5248
2024-06-13,41564.0,2219.0,47.6391,47.7791,78.26,78.01,78.54,77.35,301730.0,0.14%,2557.0,2565.0,2557.0,2557.5,55280.0,-0.72,4.4768
2024-06-14,41564.0,2219.0,,,78.05,77.65,78.8,77.42,316380.0,-0.27%,2517.5,2532.0,2529.0,2530.0,44320.0,-1.54,4.4992
2024-06-15,41564.0,2219.0,,,,,,,,,,,,,,,
2024-06-16,41000.0,2150.0,,,,,,,,,,,,,,,
2024-06-17,41000.0,2150.0,,,79.72,78.12,80.01,77.58,402740.0,2.14%,2501.5,2497.0,2495.0,2485.0,56950.0,-0.64,4.4576
2024-06-18,41000.0,2150.0,,,80.71,79.92,80.85,79.17,485710.0,1.24%,2486.5,2481.0,2481.0,2481.0,78050.0,-0.6,4.4896
2024-06-19,41000.0,2150.0,,,80.59,80.78,81.16,80.31,,-0.15%,2499.0,2509.0,2505.0,2503.0,34430.0,0.5,4.5008
2024-06-20,41000.0,2150.0,,,81.29,80.75,81.52,80.3,420500.0,0.87%,2521.5,2512.0,2508.0,2508.0,42680.0,0.9,4.5632
2024-06-21,41000.0,,,,79.96,80.44,80.94,79.59,163220.0,-1.64%,2513.5,2508.0,2503.0,2503.5,41720.0,-0.32,4.4288
2024-06-22,41250.0,,,,,,,,,,,,,,,,
2024-06-23,41250.0,2150.0,48.0771,48.2166,,,,,,,,,,,,,
2024-06-24,41744.0,2239.0,48.25,48.3883,80.86,79.77,80.99,79.52,158610.0,1.13%,2503.0,2507.0,2506.0,2505.0,36520.0,-0.42,4.4256
2024-06-25,40851.0,2213.0,48.3109,48.4503,80.07,80.97,81.12,79.8,173570.0,-0.98%,2496.0,2500.0,2498.0,2499.0,32130.000000000004,-0.28,4.3712
2024-06-26,41545.0,2187.0,47.9969,48.1369,80.19,79.97,80.85,79.5,147980.0,0.15%,2512.0,2498.0,2492.0,2494.0,45900.0,0.64,4.3712
2024-06-27,40501.0,2212.0,47.9606,48.1,80.83,80.14,81.21,79.81,158900.0,0.80%,2492.5,2502.0,2502.0,2502.0,32619.999999999996,-0.78,4.3232
2024-06-28,40501.0,2212.0,,,80.64,80.96,81.78,80.15,110620.0,-0.24%,2524.5,2533.0,2530.0,2525.5,45090.0,1.28,4.4
2024-06-29,40136.0,2153.0,,,,,,,,,,,,,,,
2024-06-30,40136.0,2153.0,,,,,,,,,,,,,,,
2024-07-01,40640.0,2120.0,48.2066,48.3449,82.32,80.56,82.58,80.49,214490.0,2.08%,2515.5,2535.0,2533.0,2532.5,34970.0,-0.36,4.4048
2024-07-02,40601.0,2259.78,48.1062,48.244,81.91,82.39,83.22,81.83,225170.0,-0.50%,2522.5,2532.0,2530.0,2531.0,34170.0,0.28,4.4048
2024-07-03,41328.0,2275.0,48.0887,48.2254,83.02,82.25,83.07,81.59,156730.0,1.36%,2548.0,2540.0,2536.0,2536.5,42120.0,1.01,4.5312
2024-07-06,40200.0,2101.0,,,,,,,,,,,,,,,
2024-07-07,40200.0,2101.0,47.8882,48.0259,,,,,,,,,,,,,
2024-07-08,41526.0,2316.0,47.8677,48.0014,81.52,82.36,82.5,81.29,143020.0,-0.90%,2531.5,2537.0,2532.0,2532.0,36170.0,-0.16,4.5984
2024-07-09,41231.0,2245.0,48.0209,48.1592,80.56,81.45,81.65,80.42,166790.0,-1.18%,2496.5,2527.0,2525.0,2525.0,41610.0,-1.38,4.5792
2024-07-10,41147.0,2225.41,47.946,48.0803,81.07,80.92,81.6,79.95,193210.0,0.63%,2483.5,2490.0,2489.0,2489.0,52070.0,-0.52,4.5904
2024-07-11,41726.0,2294.0,,,81.38,81.35,81.83,80.6,205100.0,0.38%,2476.5,2494.0,2490.0,2490.5,50450.0,-0.28,4.512
2024-07-12,41726.0,2294.0,,,81.02,81.55,82.29,80.91,276670.0,-0.44%,2481.0,2485.0,2483.0,2484.0,45770.0,0.18,4.5888
2024-07-13,41500.0,2222.0,,,,,,,,,,,,,,,
2024-07-14,41357.0,2200.91,47.8789,48.0171,,,,,,,,,,,,,
2024-07-15,41482.0,2258.0,47.9004,48.0389,80.84,80.96,81.35,80.36,216420.0,-0.22%,2461.5,2462.0,2467.0,2462.0,52910.0,-0.79,4.5152
2024-07-16,41838.0,2298.0,47.9669,48.104,79.71,80.85,80.87,79.22,272200.0,-1.40%,2406.0,2440.0,2436.0,2436.5,119860.0,-2.25,4.4544
2024-07-17,41597.0,2344.21,48.1576,48.2943,81.44,79.82,81.63,79.43,419580.0,2.17%,2402.0,2420.0,2418.0,2418.5,59100.0,-0.17,4.4064
2024-07-18,41780.0,2346.0,48.1836,48.3198,81.3,81.68,82.27,80.61,398370.0,-0.17%,2385.0,2398.0,2396.0,2394.0,58790.0,-0.71,4.256
2024-07-19,42045.0,2274.2,,,78.64,80.88,81.34,78.59,427060.0,-3.27%,2351.5,2374.0,2369.0,2368.0,59350.0,-1.4,4.2384
2024-07-20,41400.0,2172.0,,,,,,,,,,,,,,,
2024-07-22,41586.0,2317.0,48.3713,48.51,78.4,78.95,79.13,77.55,345240.0,-0.31%,2299.5,2318.0,2316.0,2316.5,86290.0,-2.21,4.1968
2024-07-23,41455.0,2347.0,48.298,48.4357,75.92,77.15,77.63,75.45,191990.0,-3.16%,2295.0,2318.0,2315.0,2316.0,71790.0,-0.2,4.1616
2024-07-24,41145.0,2221.0,48.289,48.4231,76.58,76.35,77.08,75.93,184200.0,0.87%,2300.5,2319.0,2312.5,2312.5,64300.0,0.24,4.0848
2024-07-25,42022.0,2347.0,,,77.11,76.43,77.28,75.05,224030.0,0.69%,2270.5,2280.0,2277.0,2276.0,100590.0,-1.3,4.12
2024-07-26,42022.0,2347.0,,,76.0,77.18,77.41,75.08,161410.0,-1.44%,2289.0,2285.0,2288.0,2285.0,63540.0,0.81,4.1056
2024-07-28,41980.0,2216.0,48.2736,48.408,,,,,,,,,,,,,
2024-07-29,41270.0,2345.0,48.2626,48.3993,74.8,76.02,76.52,74.34,178810.0,-1.58%,2250.5,2265.0,2262.5,2263.0,67020.0,-1.68,4.0912
2024-07-30,41877.0,2243.0,48.3338,48.472,73.88,74.87,74.92,73.73,229370.0,-1.23%,2224.5,2227.0,2225.0,2225.0,83020.0,-1.16,4.0912
2024-08-02,41953.0,2386.0,,,72.59,75.89,76.3,72.12,216860.0,-3.73%,2263.5,2280.0,2272.0,2272.5,59200.0,-1.42,4.1216
2024-08-03,41953.0,2386.0,,,,,,,,,,,,,,,
2024-08-07,41534.0,2290.0,49.1603,49.298,74.17,72.0,74.73,71.75,215900.0,2.53%,2288.0,2266.0,2262.0,2263.0,62380.0,-0.35,4.0128
2024-08-08,41463.0,2137.0,49.2106,49.3477,75.04,74.37,75.27,73.53,205550.0,1.17%,2274.0,2265.0,2258.0,2260.0,41730.0,-0.61,3.9792
2024-08-09,42087.0,2338.0,,,75.61,74.86,75.79,74.7,143830.0,0.76%,2301.5,2320.0,2318.5,2318.5,45690.0,1.21,3.9872
2024-08-10,41821.0,2228.0,,,,,,,,,,,,,,,
2024-08-14,41592.0,2280.0,49.0346,49.1739,75.84,77.1,77.52,75.66,344940.0,-1.25%,2335.5,2349.0,2347.0,2349.0,55580.0,0.15,4.0592
2024-08-15,42277.0,2384.0,48.8351,48.9742,76.99,76.07,77.38,75.7,237540.0,1.52%,2363.5,2355.0,2350.0,2349.0,45600.0,1.2,4.1408
2024-08-16,41619.0,2318.0,,,75.54,76.81,76.98,74.52,317680.0,-1.88%,2365.5,2345.0,2342.0,2342.5,40220.0,0.08,4.1408
2024-08-18,41576.0,2284.0,48.744,48.8799,,,,,,,,,,,,,
2024-08-19,41357.0,2360.0,48.7159,48.8531,73.66,75.47,75.73,73.45,422100.0,-2.49%,2445.5,2415.0,2412.0,2411.0,75970.0,3.38,4.1968
2024-08-21,41810.0,2415.0,48.7303,48.8677,71.3,72.42,73.39,70.88,178980.0,-2.56%,2487.0,2480.0,2478.0,2477.5,72350.0,-0.6,4.2
2024-08-23,41756.0,2423.0,,,73.93,72.21,74.17,72.12,131320.0,2.28%,2542.0,2510.0,2509.0,2509.0,62440.0,2.5,4.2048
2024-08-27,41660.0,,48.6372,48.7705,74.46,75.93,76.21,74.34,154880.0,-2.24%,2549.5,2537.0,2535.0,2537.0,76720.0,0.3,4.2368
2024-08-28,,,48.5885,48.721,73.44,74.71,74.88,72.92,131590.0,-1.37%,2496.0,2503.0,2501.0,2501.0,52390.0,-2.1,4.2368
2024-08-29,42524.0,2597.0,48.5532,48.6888,74.67,73.31,75.51,72.92,224370.0,1.67%,2457.5,2470.0,2466.0,2465.5,46360.0,-1.54,4.2096
2024-08-30,42212.0,2593.0,,,72.65,74.69,75.31,72.46,210330.0,-2.71%,2447.0,2485.0,2485.0,2485.0,59520.0,-0.43,4.2192
2024-09-01,41607.0,2521.0,48.4985,48.6353,72.98,73.33,73.42,72.97,,0.45%,,,,,,,
2024-09-02,42006.0,2609.0,48.464,48.5991,73.78,73.0,74.39,72.89,,1.10%,2424.0,2421.0,2415.0,2415.5,37380.0,-0.94,4.2112
2024-09-04,41733.0,2806.0,48.4272,48.5617,68.52,69.54,70.61,68.16,235030.0,-1.54%,2396.5,2388.0,2386.0,2388.0,50090.0,-0.46,4.0784
2024-09-11,41871.0,2778.0,48.3132,48.4463,66.6,65.73,67.14,64.99,237200.0,2.24%,2370.5,2367.0,2364.0,2364.5,46360.0,1.46,4.168
2024-09-12,,,48.3668,48.5052,68.15,66.68,68.93,66.55,221590.0,2.33%,2415.5,2415.0,2409.5,2409.5,50570.0,1.9,4.2096
2024-09-13,41269.0,,,,67.75,68.35,69.35,67.58,230300.0,-0.59%,2471.0,2423.0,2421.0,2421.0,44240.0,2.3,4.2208
2024-09-14,42105.0,2870.0,,,,,,,,,,,,,,,
2024-09-15,43352.0,2911.0,,,,,,,,,,,,,,,
2024-09-16,43352.0,2911.0,48.3606,48.4969,69.02,68.22,69.61,67.7,235880.0,1.87%,2528.5,2525.0,2518.0,2518.5,78200.0,2.33,4.2688
2024-09-17,42523.0,2797.0,48.3541,48.4866,69.96,69.35,70.65,68.51,289930.0,1.36%,2524.0,2525.0,2519.0,2521.0,60790.0,-0.18,4.2768
2024-09-18,41965.0,2779.0,48.4889,48.6269,69.88,69.98,70.31,68.58,367190.0,-0.11%,2536.5,2532.0,2527.5,2528.0,97280.0,0.5,4.2752
2024-09-19,41961.0,2697.0,48.4512,48.5863,71.16,69.15,71.53,69.13,354930.0,1.83%,2539.5,2540.0,2536.0,2536.0,63330.0,0.12,4.3504
2024-09-20,41849.0,,,,71.0,71.18,71.45,70.37,307000.0,-0.22%,2485.0,2509.0,2505.0,2504.5,61340.0,-2.15,4.3328
2024-09-21,42236.0,3010.0,,,,,,,,,,,,,,,
2024-09-22,41934.0,2807.0,48.5098,48.6481,,,,,,,,,,,,,
2024-09-23,42634.0,,48.6025,48.7392,69.61,70.43,70.94,68.73,185350.0,-1.96%,2494.5,2480.0,2472.0,2472.0,57410.0,0.38,4.344
2024-09-25,42169.0,2781.0,48.4861,48.6247,69.13,70.84,71.04,68.69,272170.0,-2.41%,2538.5,2535.0,2528.0,2528.0,68020.0,-0.68,4.5344
2024-09-26,42175.0,2862.0,48.2861,48.4253,67.19,69.3,69.47,66.49,274690.0,-2.81%,2611.5,2581.0,2577.0,2576.0,84000.0,2.88,4.4896
2024-09-27,42132.0,2785.0,,,67.67,66.95,68.13,66.58,169900.0,0.71%,2646.5,2630.0,2625.0,2624.0,78630.0,1.34,4.5856
2024-09-28,42155.0,2258.0,,,,,,,,,,,,,,,
2024-09-29,43620.0,2636.0,48.3428,48.4783,,,,,,,,,,,,,
2024-10-01,42580.0,2730.0,48.1738,48.3089,69.39,68.05,71.36,65.99,353030.0,2.39%,2648.0,2638.0,2633.0,2630.5,49230.0,1.4,4.5504
2024-10-02,41945.0,2696.0,48.3015,48.4394,69.69,70.3,71.95,69.45,241140.0,0.43%,2678.5,2642.0,2635.0,2635.0,47630.0,1.15,4.6512
2024-10-03,42607.0,2724.0,48.2724,48.4108,73.17,70.49,73.51,70.08,275080.0,4.99%,2629.0,2645.0,2643.0,2643.5,47610.0,-1.85,4.5472
2024-10-04,42118.0,,,,73.68,73.35,74.84,72.94,262040.00000000003,0.70%,2653.0,2670.0,2665.0,2665.5,43890.0,0.91,4.5792
2024-10-05,42030.0,,,,,,,,,,,,,,,,
2024-10-06,41946.0,3023.0,,,,,,,,,,,,,,,
2024-10-07,41946.0,3023.0,48.3586,48.4953,76.47,73.76,76.7,73.01,257209.99999999997,3.79%,2658.0,2662.0,2655.0,2655.5,29770.0,0.19,4.5744
2024-10-08,42212.0,2753.0,48.5081,48.6475,72.98,76.63,77.7,72.12,329530.0,-4.56%,2571.0,2590.0,2585.0,2585.5,71700.0,-3.27,4.5456
2024-10-09,41260.0,,48.443,48.5772,72.59,73.27,73.82,71.0,228020.0,-0.53%,2541.0,2546.0,2540.5,2540.5,61000.0,-1.17,4.4112
2024-10-10,41260.0,2720.0,48.504,48.6436,75.11,72.73,75.45,72.62,206390.0,3.47%,2586.0,2560.0,2558.0,2558.0,55120.0,1.77,4.4112
2024-10-11,41668.0,2725.0,,,74.85,75.0,75.28,73.85,217340.0,-0.35%,2632.5,2665.0,2653.0,2653.5,77800.0,1.8,4.496
2024-10-12,41290.0,2776.0,,,,,,,,,,,,,,,
2024-10-13,43411.0,2467.0,48.4992,48.6383,,,,,,,,,,,,,
2024-10-14,41379.0,2797.0,48.546,48.6815,73.24,74.26,74.35,71.24,174470.0,-2.15%,2594.0,2605.0,2603.0,2601.5,61510.0,-1.46,4.4032
2024-10-15,40887.0,2784.0,48.4781,48.6151,70.01,71.14,71.57,69.2,244860.0,-4.41%,2570.5,2565.0,2558.0,2558.5,74840.0,-0.91,4.3424
2024-10-16,41494.0,2815.0,48.5444,48.6833,69.82,70.39,70.69,69.12,181550.0,-0.27%,2584.0,2595.0,2590.0,2592.0,55300.0,0.53,4.3424
2024-10-17,41360.0,2771.0,48.5692,48.7076,70.09,70.11,70.53,68.89,228840.0,0.39%,2553.5,2570.0,2564.0,2564.0,45800.0,-1.18,4.3664
2024-10-18,41609.0,2848.0,,,68.69,70.17,70.67,68.17,335560.0,-2.00%,2612.0,2592.0,2587.0,2588.0,49620.0,2.29,4.3328
2024-10-19,41609.0,2848.0,,,,,,,,,,,,,,,
2024-10-20,42106.0,2612.0,48.5403,48.6772,,,,,,,,,,,,,
2024-10-21,41347.0,2810.0,48.5931,48.7289,70.04,68.94,70.39,68.46,302750.0,1.97%,2595.5,2627.0,2619.0,2617.0,53970.0,-0.63,4.3632
2024-10-22,41347.0,2948.0,48.6294,48.7606,71.74,69.96,72.09,69.35,330460.0,2.43%,2633.5,2637.0,2635.0,2632.5,48420.0,1.46,4.3632
2024-10-23,41504.0,2789.0,48.6694,48.8072,70.37,70.94,71.29,69.76,119310.0,-1.91%,2669.5,2653.0,2648.0,2647.0,60370.0,1.37,4.3312
2024-10-24,40935.0,2854.0,48.7263,48.8625,69.84,70.62,71.87,69.41,83730.0,-0.75%,2650.0,2680.0,2676.5,2677.0,66500.0,-0.73,4.3696
2024-10-25,40839.0,2862.0,,,71.35,70.02,71.52,69.63,99410.0,2.16%,2677.5,2635.0,2630.0,2630.5,66520.0,1.04,0.0
2024-10-26,41714.0,2971.0,,,,,,,,,,,,,,,
2024-10-27,40403.0,3025.0,48.6717,48.8076,,,,,,,,,,,,,
2024-10-28,41266.0,2834.0,48.6267,48.7617,66.98,68.58,68.6,66.59,141390.0,-6.12%,2645.5,2649.0,2646.5,2646.0,42120.0,-1.2,4.3664
2024-10-29,40214.0,2862.0,48.6417,48.7783,66.81,67.63,68.09,66.32,93130.0,-0.25%,2659.0,2660.0,2655.0,2652.0,47580.0,0.51,4.3632
2024-10-30,40384.0,2830.0,48.7056,48.8399,68.18,66.97,68.73,66.88,92730.0,2.05%,2616.0,2655.0,2654.0,2654.0,52980.0,-1.62,4.3584
2024-10-31,40582.0,2888.0,48.8908,49.03,68.81,68.65,70.31,67.87,109200.0,0.92%,2617.5,2643.0,2642.0,2643.0,53460.0,0.06,4.3616
2024-11-01,40850.0,2843.0,,,69.08,69.96,70.95,68.9,110380.0,0.39%,2600.0,2648.0,2645.0,2642.5,57460.0,-0.67,4.3472
2024-11-02,39776.0,2866.0,,,,,,,,,,,,,,,
2024-11-03,40802.0,2871.0,48.9364,49.0736,,,,,,,,,,,,,
2024-11-04,40114.0,2875.0,49.0228,49.1571,71.03,69.87,71.36,69.84,108260.0,2.82%,2620.0,2610.0,2608.5,2609.0,38580.0,0.77,4.4288
2024-11-05,40270.0,2873.0,49.0758,49.213,71.56,71.17,72.2,70.86,108650.0,0.75%,2660.0,2644.0,2639.0,2639.0,52910.0,1.53,4.4608
2024-11-06,39832.0,2903.0,49.1672,49.3033,71.24,71.57,72.18,69.35,158530.0,-0.45%,2615.5,2593.0,2587.0,2589.0,72820.0,-1.67,4.2352
2024-11-07,40546.0,2872.0,49.2353,49.3725,71.96,71.41,72.41,70.27,187300.0,1.01%,2694.5,2694.0,2681.5,2681.5,95660.0,3.02,4.44
2024-11-08,40129.0,2878.0,,,70.11,71.8,71.87,69.67,211740.0,-2.57%,2620.5,2644.0,2635.0,2635.0,75330.0,-2.75,4.3136
2024-11-09,39365.0,2877.0,,,,,,,,,,,,,,,
2024-11-10,39280.0,3020.0,49.1783,49.3144,,,,,,,,,,,,,
2024-11-11,39280.0,3020.0,49.1472,49.2802,67.92,69.99,70.3,67.79,215310.0,-3.12%,2586.5,2600.0,2596.0,2598.0,44240.0,-1.3,4.2464
2024-11-12,40165.0,2905.0,49.1508,49.287,67.97,68.04,68.97,67.65,181180.0,0.07%,2563.0,2563.0,2564.0,2563.0,54530.0,-0.91,4.2464
2024-11-13,40188.0,2981.0,49.2509,49.3856,68.26,67.82,68.69,66.8,254210.0,0.43%,2530.5,2550.0,2549.0,2548.5,55400.0,-1.27,4.0736
2024-11-14,39660.0,2898.0,49.3109,49.4483,68.53,67.97,69.24,67.77,176090.0,0.40%,2516.5,2530.0,2525.0,2526.0,74260.0,-0.55,4.08
2024-11-15,39696.0,2896.0,,,66.92,68.45,68.51,66.71,200770.0,-2.35%,2649.5,2672.0,2670.0,2672.0,148970.0,5.29,4.0656
2024-11-16,39212.0,2975.0,,,,,,,,,,,,,,,
2024-11-17,39381.0,2976.0,49.309,49.4453,,,,,,,,,,,,,
2024-11-19,39768.0,2816.0,49.4647,49.6039,69.24,69.08,69.74,68.48,349700.0,0.10%,2644.5,2617.0,2612.0,2608.0,68640.0,1.42,4.1232
2024-11-20,40158.0,2942.0,49.6694,49.8067,68.75,69.28,69.96,68.64,235640.0,-0.71%,2644.0,2677.0,2673.0,2672.0,62200.0,-0.02,4.1712
2024-11-21,39840.0,2887.0,49.6061,49.7447,69.77,68.83,70.09,68.62,131440.0,1.48%,2631.5,2628.0,2625.0,2625.5,38110.0,-0.47,4.1344
2024-11-22,40146.0,2915.0,,,70.77,69.85,71.02,68.96,209420.0,1.43%,2624.0,2617.0,2614.0,2615.0,37650.0,-0.29,4.0848
2024-11-23,39165.0,2957.0,,,,,,,,,,,,,,,
2024-11-24,40088.0,2965.0,49.5953,49.7344,,,,,,,,,,,,,
2024-11-25,40000.0,2908.0,49.5518,49.6828,68.58,70.96,70.96,68.36,146700.0,-3.09%,2652.0,2652.0,2645.0,2643.5,53770.0,1.07,4.0864
2024-11-26,40000.0,2908.0,49.5276,49.6639,68.44,68.7,69.91,67.73,98590.0,-0.20%,2612.5,2625.0,2625.0,2621.0,51590.0,-1.49,4.0592
2024-11-27,40498.0,2937.0,49.6025,49.7415,68.35,68.57,69.01,67.81,87850.0,-0.13%,2595.5,2609.0,2606.0,2605.0,39600.0,-0.65,4.0688
2024-11-28,39745.0,2956.0,49.5278,49.6661,,,,,,,2599.0,2585.0,2583.0,2581.5,32870.0,0.13,4.0688
2024-11-29,41094.0,2925.0,,,67.72,68.39,69.32,67.6,106390.0,-0.92%,2594.0,2593.0,2585.5,2586.0,39590.0,-0.19,4.1424
2024-11-30,39290.0,3062.0,,,,,,,,,,,,,,,
2024-12-01,40096.0,2874.0,49.5235,49.6575,,,,,,,,,,,,,
2024-12-02,40388.0,2931.0,49.6482,49.7833,67.84,67.77,68.83,67.44,95000.0,0.18%,2590.0,2590.0,2587.0,2587.0,43190.0,-0.15,4.1392
2024-12-03,40568.0,2865.0,49.6723,49.8062,69.54,67.89,69.83,67.65,134420.0,2.51%,2609.5,2602.0,2602.0,2601.0,53100.0,0.75,4.1968
2024-12-04,39932.0,2899.0,49.7692,49.906,68.19,69.58,70.11,68.14,141670.0,-1.94%,2646.5,2616.0,2615.0,2615.0,47360.0,1.42,4.1984
2024-12-05,40267.0,2967.0,49.9352,50.0697,67.96,68.38,68.77,67.66,129139.99999999999,-0.34%,2639.0,2644.0,2643.5,2644.0,39060.0,-0.28,4.1952
2024-12-06,39780.0,2746.0,,,66.98,68.08,68.13,66.71,207120.0,-1.44%,2603.5,2605.0,2598.0,2592.0,55650.0,-1.35,4.1952
2024-12-07,39220.0,3003.0,,,,,,,,,,,,,,,
2024-12-08,39264.0,3080.0,50.1742,50.3106,,,,,,,,,,,,,
2024-12-09,39998.0,2910.0,50.4461,50.5836,68.09,66.93,68.59,66.85,176710.0,1.66%,2588.0,2592.0,2596.0,2592.0,55700.0,-0.6,4.264
2024-12-10,40629.0,2948.0,50.3925,50.5289,68.27,67.86,68.72,67.45,157460.0,0.26%,2608.5,2598.0,2590.0,2585.0,53430.0,0.79,4.2704
2024-12-11,40080.0,2875.0,50.5863,50.7225,69.87,68.15,70.08,68.12,231680.0,2.34%,2601.0,2600.0,2594.0,2595.0,39370.0,-0.29,4.264
2024-12-12,40299.0,2919.0,50.7736,50.9125,69.66,69.97,70.27,68.74,231020.0,-0.30%,2599.5,2608.0,2604.0,2604.5,44580.0,-0.06,4.2352
2024-12-13,40632.0,2839.0,,,70.82,69.64,70.94,69.51,201260.0,1.67%,2605.0,2610.0,2607.0,2606.5,41980.0,0.21,4.2352
2024-12-14,39284.0,3086.0,,,,,,,,,,,,,,,
2024-12-15,39285.0,3070.0,50.7296,50.8692,,,,,,,,,,,,,
2024-12-16,40327.0,3023.0,50.7501,50.8869,70.29,71.0,71.0,69.98,210750.0,-0.75%,2566.5,2588.0,2582.0,2584.0,58790.0,-1.48,4.192
2024-12-17,40009.0,2769.0,50.7254,50.8633,69.65,70.23,70.54,68.81,280900.0,-0.91%,2542.5,2537.0,2533.0,2533.5,53780.0,-0.94,4.1456
2024-12-18,39782.0,2893.0,50.8105,50.9442,70.02,69.82,70.8,69.39,326610.0,0.53%,2528.5,2535.0,2529.0,2526.5,42340.0,-0.55,4.1456
2024-12-19,39618.0,2948.0,50.8523,50.9881,69.38,69.6,70.58,69.1,291660.0,-0.91%,2507.0,2515.0,2511.5,2512.0,78890.0,-0.85,4.1056
2024-12-20,39758.0,2844.0,,,69.02,68.83,69.38,68.05,114620.0,-0.52%,2534.5,2525.0,2524.5,2524.5,39830.0,1.1,4.1024
2024-12-21,39265.0,2995.0,,,,,,,,,,,,,,,
2024-12-22,40241.0,2899.24,50.8572,50.9925,,,,,,,,,,,,,
2024-12-23,40082.0,3000.43,51.0069,51.1444,68.81,68.97,69.5,68.22,90950.0,-0.30%,2527.0,2544.0,2542.5,2543.0,32740.000000000004,-0.3,4.0944
2024-12-24,40153.0,2786.0,50.8381,50.9753,69.64,69.04,69.94,68.95,40390.0,1.21%,2565.0,2573.0,2570.0,2570.5,40850.0,1.5,4.1024
2024-12-25,39608.0,2854.0,50.8519,50.9806,,,,,,,,,,,,,4.1104
2024-12-26,39728.0,2941.0,50.815,50.9526,69.23,69.72,70.25,68.94,69640.0,-0.59%,,,,,,,4.1408
2024-12-27,39958.0,2876.0,,,70.18,69.27,70.32,69.06,79130.0,1.37%,2558.0,2544.0,2544.0,2544.0,37190.0,-0.27,4.1264
2024-12-28,39233.0,3043.0,,,,,,,,,,,,,,,
2024-12-29,40123.0,2904.0,50.7865,50.9235,,,,,,,,,,,,,
2024-12-30,39773.0,2945.0,50.7737,50.9094,70.53,70.0,71.05,69.75,93100.0,0.50%,2551.0,2555.0,2551.0,2551.0,25600.0,-0.27,4.0912
2024-12-31,39986.0,2815.0,50.7707,50.9069,71.25,70.69,71.52,70.43,63630.0,1.02%,2551.5,2540.0,2540.0,2540.0,22960.0,0.02,4.024
2025-01-01,39566.0,2986.0,,,,,,,,,,,,,,,4.0272
2025-01-02,39579.0,2874.0,50.7033,50.8407,72.5,71.45,73.12,71.31,182490.0,1.75%,2529.0,2562.0,2559.0,2561.0,46190.0,-0.88,4.0272
2025-01-03,39100.0,2865.0,,,73.21,72.46,73.5,72.1,220660.0,0.98%,2493.5,2506.0,2504.5,2505.0,56380.0,-1.4,4.0368
2025-01-04,39100.0,2865.0,,,,,,,,,,,,,,,
2025-01-05,39898.0,2946.0,50.63,50.7613,,,,,,,,,,,,,
2025-01-06,39898.0,2946.0,50.5915,50.7272,72.92,73.31,74.18,72.54,221840.0,-0.40%,2490.0,2512.0,2511.0,2511.0,60370.0,-0.14,4.1504
2025-01-07,39657.0,2787.0,,,73.57,72.81,73.82,72.51,188740.0,0.89%,2517.5,2515.0,2512.5,2512.5,61470.0,1.1,4.1792
2025-01-08,39657.0,2787.0,50.5329,50.6687,72.67,73.81,74.44,72.51,261480.00000000003,-1.22%,2498.5,2503.0,2501.0,2501.5,56680.0,-0.75,4.1792
2025-01-09,39382.0,2942.0,50.5064,50.6418,73.24,72.66,73.61,72.2,162000.0,0.78%,2539.0,2535.0,2532.0,2533.0,55970.0,1.62,4.2704
2025-01-10,40104.0,2804.0,,,75.75,73.57,76.89,73.33,448290.0,3.43%,2571.5,2580.0,2575.0,2577.0,72190.0,1.28,4.2896
2025-01-11,39215.0,2988.0,,,,,,,,,,,,,,,
2025-01-12,39821.0,2887.0,50.5026,50.6378,,,,,,,,,,,,,
2025-01-13,39952.0,2911.0,50.4458,50.5825,77.3,75.68,77.64,75.67,493440.0,2.05%,2578.5,2589.0,2588.0,2587.0,48090.0,0.27,4.3264
2025-01-14,39665.0,3006.0,50.3892,50.5262,76.37,77.24,77.51,76.2,338200.0,-1.20%,2560.0,2574.0,2572.0,2572.0,67880.0,-0.72,4.3264
2025-01-15,39366.0,2912.0,50.3701,50.5055,78.71,76.84,79.39,76.16,355670.0,3.06%,2601.5,2578.0,2578.0,2577.0,,1.62,4.3984
2025-01-16,39775.0,2874.0,50.3108,50.4401,78.68,80.4,80.59,77.87,159950.0,-0.04%,2635.0,2606.5,2646.5,2594.0,,1.29,4.3984
2025-01-17,39492.0,2966.0,,,77.88,78.75,79.44,77.76,112410.0,-1.02%,2682.0,2631.5,2694.5,2631.5,,1.78,4.3504
2025-01-18,39135.0,2895.0,,,,,,,,,,,,,,,
2025-01-19,40335.0,2880.0,50.2858,50.4228,,,,,,,,,,,,,
2025-01-20,39849.0,3011.0,50.2431,50.3745,,,,,,,2691.0,2675.0,2709.0,2671.0,,0.34,4.368
2025-01-21,39827.0,2871.0,50.2206,50.3524,75.89,78.19,78.47,75.49,28410.0,-2.56%,2652.0,2685.0,2695.0,2634.5,,-1.45,4.3376
2025-01-22,39585.0,2965.0,50.2549,50.3902,75.44,75.88,76.45,75.28,315330.0,-0.59%,2635.0,2649.0,2654.0,2611.5,,-0.64,4.2944
2025-01-23,39683.0,2948.0,50.2208,50.3569,74.62,75.39,76.0,74.14,350690.0,-1.09%,2631.0,2632.0,2634.0,2608.0,,-0.15,4.328
2025-01-24,39983.0,2897.0,,,74.66,74.3,75.21,74.01,319680.0,0.05%,2637.0,2627.5,2662.5,2625.0,,0.23,4.3104
2025-01-25,39216.0,3071.0,,,,,,,,,,,,,,,
2025-01-26,39204.0,3071.0,50.1858,50.3225,,,,,,,,,,,,,
2025-01-27,39850.0,2955.0,50.1861,50.3196,73.17,74.54,75.15,72.38,334420.0,-2.00%,2612.0,2632.0,2640.5,2593.5,,-0.95,4.232
2025-01-28,39834.0,2925.0,50.1342,50.2635,73.77,73.15,74.31,72.93,326080.0,0.82%,2576.55,2594.0,2594.0,2573.4,,-1.36,4.232
2025-01-29,39932.0,2923.0,50.1688,50.3026,72.62,73.95,74.08,72.33,312730.0,-1.56%,2621.95,2575.3,2637.55,2567.57,,1.76,4.2464
2025-01-30,39940.0,2915.0,50.1697,50.3083,72.73,73.0,73.84,72.02,336480.0,0.15%,2617.45,2633.95,2635.7,2615.55,,-0.17,4.2832
2025-01-31,39844.0,3031.0,,,72.53,73.2,73.84,71.94,376340.0,-0.27%,2595.3,2606.35,2614.85,2593.2,,-0.85,4.2736
2025-02-01,39080.0,3090.0,,,,,,,,,,,,,,,
2025-02-02,39000.0,3126.0,50.161,50.2979,,,,,,,,,,,,,
2025-02-03,39690.0,3077.0,50.2779,50.4142,73.16,74.14,75.18,72.05,517850.0,0.87%,2626.2,2576.3,2635.5,2572.3,,1.19,4.3344
2025-02-04,39772.0,2990.0,50.2426,50.3747,72.7,72.35,73.35,70.67,452960.0,-0.63%,2632.25,2625.9,2646.85,2613.78,,0.23,4.36
2025-02-05,40237.0,2997.0,50.252,50.3867,71.03,72.76,72.97,70.96,289900.0,-2.30%,2625.65,2632.35,2632.35,2594.65,,-0.25,4.4528
2025-02-06,40331.0,3052.0,50.2308,50.3692,70.61,71.18,71.85,70.43,299040.0,-0.59%,2622.9,2631.7,2642.75,2612.0,,-0.1,4.4608
2025-02-07,40331.0,3052.0,,,71.0,70.56,71.41,70.47,273770.0,0.55%,2637.75,2646.35,2649.35,2630.4,,0.57,4.5952
2025-02-08,38766.0,3270.0,,,,,,,,,,,,,,,
2025-02-09,38857.0,3281.0,50.2078,50.345,,,,,,,,,,,,,
2025-02-10,38983.0,3091.0,50.2237,50.359,72.01,70.77,72.2,70.61,160440.0,1.42%,2666.6,2634.65,2667.15,2631.25,,1.09,4.6848
2025-02-11,39665.0,3065.0,50.3944,50.533,73.08,72.11,73.33,72.0,195490.0,1.49%,2639.05,2660.55,2662.25,2635.15,,-1.03,4.6848
2025-02-12,39651.0,3057.0,50.5602,50.6959,71.24,72.98,73.0,71.03,221770.0,-2.52%,2629.3,2629.35,2639.0,2611.1,,-0.37,4.6928
2025-02-13,39949.0,3105.0,50.5802,50.7175,71.14,71.08,71.46,70.16,220020.0,-0.14%,2610.65,2626.45,2628.2,2587.15,,-0.71,4.7808
2025-02-14,39882.0,2975.0,,,70.71,71.38,71.88,70.5,213470.0,-0.60%,2638.95,2627.8,2651.75,2624.7,,1.08,4.664
2025-02-15,38755.0,3338.0,,,,,,,,,,,,,,,
2025-02-16,38766.0,3345.0,50.5597,50.6973,,,,,,,,,,,,,
2025-02-17,39644.0,3217.0,50.5438,50.6827,,,,,,,2650.15,2642.9,2653.75,2618.45,,0.42,4.664
2025-02-20,39513.0,3111.0,50.4985,50.6353,72.57,72.18,73.25,71.85,26710.0,0.44%,2728.8,2711.2,2728.8,2701.1,,1.67,4.6112
2025-02-21,39646.0,3138.0,,,70.4,72.58,72.77,70.17,268470.0,-2.99%,2675.1,2723.85,2724.85,2672.6,,-1.97,4.5488
2025-02-22,38847.0,3481.0,,,,,,,,,,,,,,,
2025-02-23,40118.0,3055.0,50.505,50.6433,,,,,,,,,,,,,
2025-02-25,39865.0,3159.0,50.5293,50.6638,68.93,70.92,71.26,68.68,267310.0,-2.50%,2639.75,2636.4,2670.95,2631.3,,-0.62,4.4832
2025-02-26,39642.0,3160.0,50.526,50.6619,68.62,69.11,69.28,68.36,255600.0,-0.45%,2632.3,2647.35,2666.5,2622.55,,-0.28,4.5296
2025-02-27,39642.0,3160.0,50.5918,50.7314,70.35,68.82,70.54,68.61,265930.0,2.52%,2636.0,2638.48,2654.05,2629.7,,0.14,4.6176
2025-02-28,40105.0,3174.0,,,69.76,70.17,70.29,69.14,250070.0,-0.84%,2608.05,2624.5,2627.5,2605.2,,-1.06,4.6176
2025-03-01,38800.0,3395.0,,,,,,,,,,,,,,,
2025-03-02,38833.0,3483.0,50.5879,50.7232,,,,,,,,,,,,,
2025-03-03,39838.0,3179.0,50.5886,50.724,68.37,69.95,70.6,67.89,332750.0,-1.99%,2617.45,2606.7,2631.2,2604.53,,0.36,4.6032
2025-03-05,39637.0,3219.0,50.6156,50.7539,66.31,68.08,68.1,65.22,382490.0,-2.86%,2665.4,2638.15,2669.65,2630.05,,1.8,4.8064
2025-03-06,39984.0,3228.0,50.6406,50.7785,66.36,66.39,67.09,65.59,341630.0,0.08%,2705.55,2688.1,2705.6,2677.05,,1.51,4.8064
2025-03-07,39582.0,3312.0,,,67.04,66.34,68.22,66.12,329710.0,1.02%,2696.05,2690.75,2714.65,2680.7,,-0.35,4.712
2025-03-08,38763.0,3381.0,,,,,,,,,,,,,,,
2025-03-09,39064.0,3565.0,50.5719,50.7091,,,,,,,,,,,,,
2025-03-11,39914.0,3275.0,50.5411,50.6768,65.93,65.6,66.79,65.0,134710.0,0.38%,2705.0,2693.6,2711.3,2693.0,,0.56,4.7984
2025-03-12,39914.39,3245.78,50.6196,50.7559,67.38,66.31,67.53,65.83,175050.0,2.20%,2699.0,2712.35,2724.75,2692.25,,-0.22,4.856
2025-03-13,39748.0,3273.0,50.584,50.7191,66.27,67.38,67.65,66.08,212010.0,-1.65%,2702.9,2691.05,2704.9,2667.0,,0.14,4.9184
2025-03-14,40059.0,3226.0,,,66.91,66.48,67.19,66.33,161840.0,0.97%,2682.0,2700.0,2705.93,2677.5,,-0.77,4.888
2025-03-15,38850.0,3445.0,,,,,,,,,,,,,,,
2025-03-18,40189.0,3226.0,50.4131,50.5483,66.9,67.4,68.72,66.56,110340.0,-0.70%,2655.2,2669.0,2678.15,2650.7,,-1.31,5.008
2025-03-21,40082.0,3169.0,,,68.28,68.35,68.65,67.65,198960.0,0.03%,2626.2,2645.75,2649.95,2622.2,,-1.14,5.0976
2025-03-22,38800.0,3468.0,,,,,,,,,,,,,,,
2025-03-24,39922.0,3167.0,50.5451,50.6767,69.11,68.35,69.33,67.95,247020.0,1.22%,2614.25,2636.05,2644.0,2606.45,,-0.46,5.088
2025-03-25,40124.0,3188.0,50.5146,50.6472,69.0,69.16,69.68,68.52,258410.00000000003,-0.16%,2607.6,2619.35,2629.3,2605.15,,-0.25,5.2192
2025-03-26,40176.0,3214.0,50.4854,50.6199,69.65,69.16,70.22,69.06,262410.0,0.94%,2606.5,2613.55,2619.05,2604.35,,-0.04,5.2192
2025-03-27,40343.0,3221.0,50.5148,50.654,69.92,69.96,69.97,69.12,211830.0,0.39%,2561.85,2614.35,2614.35,2555.4,,-1.71,5.1232
2025-03-28,39679.0,3345.0,,,69.36,69.91,70.09,68.87,246650.0,-0.80%,2550.85,2559.05,2572.15,2546.65,,-0.43,5.1088
2025-03-29,39220.0,3481.0,,,,,,,,,,,,,,,
2025-03-30,39220.0,3481.0,,,,,,,,,,,,,,,
2025-03-31,38888.0,3583.0,,,71.48,69.43,71.83,68.81,313090.0,3.06%,2536.75,2543.25,2548.9,2526.4,,-0.55,5.1296
2025-04-01,38888.0,3583.0,,,71.2,71.39,72.1,71.03,272830.0,-0.39%,2504.45,2538.8,2544.8,2503.4,,-1.27,5.0352
2025-04-02,38888.0,3583.0,,,71.71,71.2,72.28,70.59,286500.0,0.72%,2490.35,2498.65,2506.8,2486.15,,-0.56,5.0352
2025-04-03,39871.0,3570.0,50.5296,50.6669,66.95,70.38,70.41,65.98,459240.0,-6.64%,2456.05,2453.15,2484.35,2445.05,,-1.38,4.8128
2025-04-04,39788.0,3516.0,,,61.99,66.64,66.9,60.45,559640.0,-7.41%,2378.05,2437.7,2438.05,2372.5,,-3.18,4.3968
2025-04-05,39788.0,3516.0,,,,,,,,,,,,,,,
2025-04-06,39741.0,3438.0,51.0564,51.1944,,,,,,,,,,,,,
2025-04-09,39850.0,3308.0,51.6134,51.7517,62.35,58.32,62.93,55.12,592250.0,4.65%,2342.57,2327.95,2364.17,2302.5,,0.13,4.4528
2025-04-11,40267.0,3262.0,,,61.5,60.2,61.87,59.43,306230.0,2.38%,2401.85,2372.15,2416.3,2371.75,,1.39,4.5536
2025-04-12,39500.0,3587.0,,,,,,,,,,,,,,,
2025-04-13,40783.33,3293.72,51.1697,51.3028,,,,,,,,,,,,,
2025-04-14,39910.0,3361.0,50.9303,51.0681,61.05,61.15,62.07,60.12,224090.0,-0.73%,2386.05,2413.45,2413.9,2373.8,,-0.66,4.6592
2025-04-15,39947.0,3322.0,50.9249,51.0622,60.75,61.09,61.57,60.38,206480.0,-0.49%,2372.9,2379.5,2393.8,2371.0,,-0.55,4.6176
2025-04-16,39947.97,3322.0,51.0357,51.1742,62.47,61.54,62.98,60.44,213190.0,2.83%,2388.6,2358.05,2389.05,2354.65,,0.66,4.6768
2025-04-17,40476.0,3248.0,51.0534,51.1917,64.68,62.63,64.86,62.61,111480.0,3.54%,2383.15,2392.3,2392.65,2366.1,,-0.23,4.7056
2025-04-18,40017.0,3339.0,,,,,,,,,,,,,,,4.7056
2025-04-19,39722.22,3516.67,,,,,,,,,,,,,,,
2025-04-20,39533.53,3605.88,,,,,,,,,,,,,,,
2025-04-21,40250.0,3303.0,,,63.08,64.3,64.42,62.45,82670.0,-2.47%,,,,,,,4.72
2025-04-22,40250.0,3303.0,50.9678,51.1001,64.31,63.43,65.09,63.43,34950.0,1.95%,2394.55,2383.6,2401.6,2374.2,,0.48,4.848
2025-04-23,40620.0,3224.0,50.8781,51.0169,62.27,64.0,64.87,61.53,397840.0,-3.17%,2439.4,2415.15,2452.05,2406.85,,1.87,4.832
2025-04-24,40139.0,3352.0,,,62.79,62.34,63.31,61.99,264910.0,0.84%,2459.9,2450.25,2460.85,2430.4,,0.84,4.832
2025-04-25,40139.0,3352.65,,,63.02,62.86,63.41,61.8,283760.0,0.37%,2437.4,2463.65,2469.35,2428.3,,-0.91,4.8448
2025-04-26,39362.0,3337.0,,,,,,,,,,,,,,,
2025-04-27,39384.0,3561.54,50.8681,50.9998,,,,,,,,,,,,,
2025-04-28,40073.0,3308.0,50.7483,50.8767,62.05,63.49,63.92,61.48,276120.0,-1.54%,2435.3,2433.8,2443.05,2425.75,,-0.09,4.848
2025-04-29,39804.0,3533.0,50.7392,50.8761,60.42,61.87,62.07,60.12,312370.0,-2.63%,2467.85,2435.5,2470.05,2435.15,,1.34,4.848
2025-04-30,39644.0,3519.0,50.7434,50.8774,58.21,60.16,60.43,57.91,419550.0,-3.66%,2397.5,2458.5,2459.15,2395.35,,-2.85,4.56
2025-05-01,39699.0,3440.0,,,59.24,58.16,59.5,56.39,364220.0,1.77%,2412.1,2399.55,2423.45,2398.95,,0.61,4.56
2025-05-02,39699.95,3440.35,,,58.29,58.99,59.87,57.74,322100.0,-1.60%,2440.4,2435.55,2449.9,2422.85,,1.17,4.6528
2025-05-03,39666.0,3522.0,,,,,,,,,,,,,,,
2025-05-05,39969.0,3495.0,50.613,50.7474,57.13,56.76,57.7,55.3,308390.0,-1.99%,,,,,,,4.6736
2025-05-06,39969.41,3495.86,50.5986,50.7343,59.09,57.25,59.84,57.03,343890.0,3.43%,2424.45,2442.75,2444.25,2416.15,,-0.65,4.792
2025-05-07,39647.79,3490.58,50.5729,50.7109,58.07,58.98,60.26,57.81,295240.0,-1.73%,2380.05,2397.3,2402.95,2377.0,,-1.83,4.6224
2025-05-10,39647.0,3490.0,,,,,,,,,,,,,,,
2025-05-11,40676.0,3328.0,50.5372,50.6742,,,,,,,,,,,,,
2025-05-12,39789.0,3441.0,50.4382,50.5711,61.56,60.97,63.13,60.56,243290.0,0.88%,2470.9,2445.25,2494.35,2445.25,,2.06,4.6272
2025-05-13,40103.0,3484.0,50.375,50.5068,63.25,61.55,63.44,61.23,203230.0,2.75%,2490.95,2479.65,2493.3,2468.15,,0.81,4.6272
2025-05-14,39874.0,3457.0,50.3244,50.4552,62.68,63.2,63.23,62.31,203840.0,-0.90%,2523.2,2512.35,2543.85,2512.1,,1.29,4.6416
2025-05-15,39606.0,3479.0,50.0813,50.2152,61.15,62.4,62.46,60.08,264080.0,-2.44%,2500.6,2516.15,2516.15,2483.3,,-0.9,4.6976
2025-05-16,40196.0,3489.0,,,61.97,61.22,62.18,60.78,250320.0,1.34%,2479.9,2480.0,2495.15,2463.3,,-0.83,4.592
2025-05-17,39550.0,3505.0,,,,,,,,,,,,,,,
2025-05-18,40647.0,3328.0,50.0421,50.1746,,,,,,,,,,,,,
2025-05-19,39238.0,3461.0,49.9852,50.1205,62.69,62.75,63.4,61.57,95570.0,1.16%,2439.15,2470.4,2477.9,2438.45,,-1.64,4.664
2025-05-20,40416.0,3365.0,49.8283,49.9585,62.56,62.68,63.17,62.19,25620.0,-0.21%,2482.95,2438.35,2484.25,2430.6,,1.8,4.6816
2025-05-21,39858.0,3513.0,49.7952,49.9267,61.57,62.27,64.19,61.28,302700.0,-1.58%,2477.25,2493.75,2498.25,2465.45,,-0.23,4.6576
2025-05-22,40280.0,3438.0,49.8335,49.97,61.2,61.33,61.75,60.25,258550.0,-0.60%,2460.2,2482.95,2486.55,2448.25,,-0.69,4.6736
2025-05-23,39650.0,3539.0,,,61.53,60.81,61.88,60.02,273390.0,0.54%,2472.4,2464.2,2474.23,2442.45,,0.5,4.6736
2025-05-24,40094.0,3523.0,,,,,,,,,,,,,,,
2025-05-25,39984.0,3537.5,49.832,49.9664,61.93,61.73,62.15,61.58,,0.65%,,,,,,,
2025-05-26,38498.0,3414.0,49.7643,49.8947,61.49,61.53,62.03,61.26,49020.0,-0.71%,,,,,,,4.8384
2025-05-27,39835.0,3519.0,49.7307,49.8589,60.89,61.7,62.14,60.26,291320.0,-0.98%,2483.45,2452.8,2489.45,2445.0,,0.45,4.7472
2025-05-28,39673.0,3577.0,49.7372,49.8681,61.84,61.04,62.54,60.85,260370.0,1.56%,2470.55,2475.85,2496.15,2462.45,,-0.52,4.6848
2025-05-29,40069.0,3496.0,49.6789,49.8108,60.94,61.83,63.07,60.55,299860.0,-1.46%,2450.35,2477.0,2489.9,2448.45,,-0.82,4.6688
2025-05-30,39720.0,3593.0,,,60.79,60.94,61.72,59.74,384930.0,-0.25%,2446.4,2447.85,2455.6,2437.2,,-0.16,4.7024
2025-06-01,39461.0,3617.0,49.6336,49.7665,,,,,,,,,,,,,
2025-06-02,39534.0,3590.0,49.6203,49.7548,62.52,61.11,63.88,61.06,403580.0,2.85%,2474.55,2432.6,2475.95,2425.6,,1.15,4.8512
2025-06-03,40411.0,3576.0,49.6167,49.7526,63.41,63.02,63.89,62.4,291260.0,1.42%,2472.6,2440.45,2473.35,2432.55,,-0.08,4.8592
2025-06-05,39765.0,3726.0,,,63.37,62.76,63.98,62.5,232420.0,0.83%,2479.2,2478.55,2490.4,2471.75,,-0.42,4.928
2025-06-08,39765.0,3726.0,,,,,,,,,,,,,,,
2025-06-09,39765.0,3726.0,,,64.22,63.81,64.34,63.27,137420.0,-0.56%,2480.65,2449.85,2481.75,2446.65,,1.11,4.848
2025-06-10,39765.0,3726.0,49.4541,49.5795,63.91,64.1,65.1,63.51,207740.0,-0.48%,2492.35,2467.95,2495.25,2463.55,,0.47,4.8896
2025-06-11,39743.0,3795.0,49.4246,49.562,66.9,63.67,67.11,63.54,260690.0,4.68%,2517.95,2518.7,2527.5,2502.45,,1.03,4.7984
2025-06-12,39838.0,3748.0,49.7124,49.852,66.64,67.68,67.93,65.51,297700.0,-0.39%,2521.7,2527.05,2528.15,2507.65,,0.15,4.8448
2025-06-13,40706.0,3683.87,,,71.29,67.5,74.63,67.11,715810.0,6.98%,2506.05,2510.8,2512.2,2473.8,,-0.62,4.8448
2025-06-14,40183.0,3929.17,,,,,,,,,,,,,,,
2025-06-16,39555.0,3846.0,50.2032,50.3429,71.77,76.54,77.49,69.38,367310.0,0.67%,2518.4,2497.65,2519.95,2497.5,,0.49,4.8272
2025-06-17,39675.0,3961.0,50.0798,50.2121,74.84,71.11,75.54,71.0,154260.0,4.28%,2547.7,2512.05,2554.35,2510.65,,1.16,4.7936
2025-06-18,39819.0,3923.0,50.4754,50.6146,75.14,75.61,76.07,72.94,524540.0,0.40%,2545.0,2557.35,2559.95,2539.45,,-0.11,4.856
2025-06-19,39721.0,4027.0,50.5956,50.7346,73.82,73.88,75.73,72.65,250830.0,-1.76%,2527.25,2537.8,2542.05,2517.65,,-0.7,4.856
2025-06-20,39933.0,3817.0,,,74.93,74.6,77.58,74.3,34050.0,1.50%,2556.5,2527.0,2556.5,2515.45,,1.16,4.848
2025-06-21,40233.0,3896.0,,,,,,,,,,,,,,,
2025-06-22,39276.0,4032.14,50.7349,50.8726,,,,,,,,,,,,,
2025-06-23,39500.0,3791.43,50.6196,50.7588,68.51,78.0,78.4,66.6,728870.0,-8.57%,2589.95,2575.7,2598.4,2550.25,,1.31,4.9168
2025-06-24,39061.0,4126.0,49.978,50.1167,64.37,67.74,67.83,64.0,541480.0,-6.04%,2575.85,2572.0,2591.45,2546.15,,-0.54,4.9168
2025-06-25,39794.0,3973.0,49.8363,49.9763,64.92,65.12,66.03,64.51,278500.0,0.85%,2571.1,2572.5,2581.25,2561.1,,-0.18,4.8848
2025-06-26,39381.0,4073.0,,,65.24,64.98,66.42,64.66,233770.0,0.49%,2592.35,2574.65,2594.8,2568.5,,0.83,4.9088
2025-06-27,39381.0,4073.0,,,65.52,65.3,66.09,64.8,236280.0,0.43%,2598.85,2586.45,2599.3,2572.55,,0.25,5.0528
2025-06-28,39900.0,4009.0,,,,,,,,,,,,,,,
2025-06-29,39361.0,4138.0,49.6249,49.7603,,,,,,,,,,,,,
2025-06-30,40352.0,3926.0,49.5301,49.6642,65.11,65.15,65.82,64.5,193290.0,-0.63%,2601.65,2596.5,2603.55,2591.95,,0.11,5.0688
2025-07-01,40352.0,3926.0,49.3815,49.5177,65.45,64.96,65.98,64.67,193160.0,0.52%,2602.1,2607.1,2618.95,2598.6,,0.02,5.048
2025-07-02,39919.0,3878.0,49.2757,49.4093,67.45,65.56,67.58,65.23,265200.0,3.06%,2623.2,2611.6,2627.65,2590.45,,0.81,5.0368
2025-07-03,39862.0,3878.56,,,67.0,67.5,67.58,66.53,220440.0,-0.67%,2608.15,2618.4,2623.1,2603.65,,-0.57,5.1536
2025-07-04,39862.0,3963.0,,,66.49,67.13,67.16,66.05,56220.0,-0.76%,2595.65,2603.05,2610.6,2586.15,,-0.48,5.0928
2025-07-05,39750.0,4000.0,,,,,,,,,,,,,,,
2025-07-06,40125.0,3972.0,49.27,49.4073,,,,,,,,,,,,,
2025-07-07,39943.0,3746.0,49.6032,49.7426,67.93,65.7,68.32,65.4,332950.0,2.17%,2569.65,2571.6,2580.45,2558.75,,-1.0,5.0128
2025-07-08,40033.0,3894.0,49.6191,49.7566,68.33,67.96,68.91,67.33,219880.0,0.59%,2594.55,2583.85,2601.5,2574.85,,0.97,5.0256
2025-07-09,39316.0,4070.51,49.5449,49.6704,68.38,68.18,68.94,67.7,223950.0,0.07%,2605.2,2573.2,2606.45,2572.2,,0.41,5.5104
2025-07-10,39542.0,3995.0,49.4464,49.5846,66.57,68.29,68.65,66.45,258649.99999999997,-2.65%,2609.25,2611.15,2620.6,2605.95,,0.16,5.5296
2025-07-11,39560.0,3984.0,,,68.45,66.85,68.77,66.5,226300.0,2.82%,2603.7,2613.6,2614.25,2602.05,,-0.21,5.6192
2025-07-12,39918.0,3968.18,,,,,,,,,,,,,,,
2025-07-13,39918.0,3968.18,49.4234,49.5628,,,,,,,,,,,,,
2025-07-14,39749.0,3830.0,49.3966,49.5331,65.81,67.35,68.16,65.64,229760.0,-3.86%,2596.15,2582.35,2597.1,2579.95,,-0.29,5.5744
2025-07-15,39834.0,3896.0,49.3436,49.4755,65.37,65.67,66.06,65.18,236060.0,-0.67%,2582.45,2592.55,2604.45,2575.0,,-0.53,5.52
2025-07-16,39708.0,4020.0,49.3597,49.4954,66.38,66.73,67.01,65.42,248350.0,1.55%,2577.9,2583.85,2586.55,2564.95,,-0.18,5.5328
2025-07-17,39708.0,4020.0,49.3615,49.4941,67.54,66.6,67.69,66.29,188800.0,1.75%,2588.25,2572.85,2588.25,2559.75,,0.4,5.512
2025-07-18,39684.0,3952.0,,,67.34,67.6,68.96,67.2,107630.0,-0.30%,2635.9,2585.5,2638.8,2584.8,,1.84,5.5024
2025-07-19,39636.0,4018.0,,,,,,,,,,,,,,,
2025-07-20,39450.0,4100.0,49.2889,49.4223,,,,,,,,,,,,,
2025-07-21,39898.0,3925.0,49.1771,49.3085,67.2,67.32,67.76,66.46,81190.0,-0.21%,2644.95,2638.5,2652.3,2637.85,,0.34,5.6048
2025-07-22,39898.0,3925.0,49.0058,49.1451,66.21,67.12,67.13,65.99,18610.0,-1.47%,2657.25,2650.85,2663.0,2635.9,,0.47,5.6432
2025-07-23,40385.0,3792.0,49.0165,49.1545,65.25,65.49,65.78,64.71,251830.0,-1.45%,2645.65,2649.3,2658.05,2636.9,,-0.44,5.7232
2025-07-24,39625.0,3917.0,,,66.03,65.42,66.39,65.33,281210.0,1.20%,2652.05,2650.05,2667.3,2644.95,,0.24,5.832
2025-07-25,38986.0,3971.0,,,65.16,66.15,66.74,65.0,234280.0,-1.32%,2635.85,2646.7,2662.35,2633.7,,-0.61,5.832
2025-07-27,41037.0,3529.0,48.8089,48.9406,,,,,,,,,,,,,
2025-07-31,39960.0,3903.0,48.6117,48.7414,69.26,70.3,70.41,68.56,247030.0,-1.06%,2565.55,2588.8,2591.2,2564.4,,-1.6,4.544
2025-08-01,39840.0,3908.0,,,67.33,69.35,69.58,67.05,355820.0,-2.79%,2573.35,2571.4,2575.9,2544.22,,0.3,4.4288
2025-08-04,40111.0,3877.0,48.3789,48.5131,66.29,66.85,67.74,65.46,277380.0,-1.54%,2564.6,2579.95,2588.4,2552.3,,-0.34,4.4368
2025-08-05,39718.0,4018.0,48.3554,48.4923,65.16,66.21,66.39,65.03,279030.0,-1.70%,2567.75,2570.7,2580.15,2561.1,,0.12,4.4368
2025-08-06,40228.0,3891.0,48.3907,48.5241,64.35,65.15,66.75,63.64,353830.0,-1.24%,2624.35,2575.65,2625.35,2573.2,,2.2,4.384
2025-08-07,40033.0,3952.0,48.4886,48.6266,63.88,64.36,65.11,63.7,300520.0,-0.73%,2608.85,2635.75,2635.9,2603.35,,-0.59,4.416
2025-08-08,39746.0,4031.0,,,63.88,63.85,64.58,62.77,322940.0,0.00%,2615.75,2610.55,2623.45,2608.15,,0.26,4.424
2025-08-10,39435.0,3980.0,48.432,48.5616,,,,,,,,,,,,,
2025-08-11,40369.0,3848.0,48.4272,48.5634,63.09,62.65,63.54,62.21,146960.0,-1.24%,2584.5,2620.85,2623.05,2583.4,,-1.19,4.4528
2025-08-12,39658.0,4027.0,48.3665,48.5041,62.48,63.2,63.48,62.35,205010.0,-0.97%,2628.3,2600.75,2631.1,2600.4,,1.69,4.4528
2025-08-13,39849.0,3983.0,48.2496,48.3851,61.93,62.38,62.59,61.29,211240.0,-0.88%,2610.7,2621.0,2638.45,2609.15,,-0.67,4.5072
2025-08-14,39664.0,4055.0,48.2377,48.3624,63.96,62.79,64.1,62.58,251650.0,3.28%,2624.25,2612.9,2624.8,2607.65,,0.52,4.488
2025-08-15,39592.0,4000.0,,,62.8,63.91,64.15,62.68,197390.0,-1.81%,2603.6,2620.95,2624.65,2593.9,,-0.79,4.4864
2025-08-16,39063.0,4145.0,,,,,,,,,,,,,,,
2025-08-17,39400.0,4100.0,48.2436,48.3831,,,,,,,,,,,,,
2025-08-18,40125.0,3900.0,48.2976,48.4329,63.42,63.0,63.79,62.18,95110.0,0.99%,2585.75,2596.7,2598.35,2580.9,,-0.69,4.4928
2025-08-20,39062.0,3962.0,48.5432,48.677,63.21,62.6,63.55,62.39,27160.0,1.38%,2582.6,2566.8,2584.5,2563.7,,0.68,4.4304
2025-08-21,39062.0,3962.0,48.4383,48.5726,63.52,62.85,63.67,62.52,250170.0,0.49%,2592.85,2581.55,2592.85,2570.0,,0.4,4.4544
2025-08-23,39050.0,4116.0,,,,,,,,,,,,,,,
2025-08-24,40042.0,4035.0,48.3384,48.4737,,,,,,,,,,,,,
2025-08-25,39980.0,3880.0,48.4442,48.5742,64.8,63.88,65.1,63.53,185270.0,1.79%,,,,,,,4.4592
2025-08-26,39562.0,4106.0,48.5267,48.6633,63.25,64.75,64.76,63.13,199100.0,-2.39%,2638.2,2617.55,2640.85,2602.6,,0.6,4.4608
2025-08-27,39434.0,4052.0,48.5775,48.7143,64.15,63.31,64.23,62.95,193480.0,1.42%,2605.4,2637.7,2638.8,2597.75,,-1.24,4.472
2025-08-28,39723.0,3966.0,48.5283,48.6643,64.6,63.87,64.7,63.35,208930.0,0.70%,2609.55,2615.5,2623.95,2604.85,,0.16,4.4224
2025-08-29,39723.0,3966.0,,,64.01,64.26,64.55,63.88,183260.0,-0.91%,2620.15,2612.4,2623.1,2609.75,,0.41,4.472
2025-08-30,38856.0,4196.0,,,,,,,,,,,,,,,
2025-09-01,39138.0,4017.0,48.4895,48.6279,64.64,64.61,64.88,63.67,60130.0,1.06%,2617.4,2610.8,2618.5,2606.3,,-0.1,4.5184
2025-09-02,39319.0,4020.0,48.4577,48.5951,65.59,63.95,66.03,63.66,320220.0,1.47%,2621.25,2618.7,2625.5,2601.55,,0.15,4.5216
2025-09-03,39590.0,4012.0,48.5195,48.6537,63.97,65.62,65.72,63.72,298740.0,-2.47%,2617.3,2608.3,2622.75,2607.45,,-0.15,4.5664
2025-09-04,39303.0,4043.0,,,63.48,63.82,63.84,62.72,251690.0,-0.77%,2591.75,2597.05,2611.55,2588.8,,-0.98,4.5664
2025-09-05,39303.0,4043.0,,,61.87,63.33,63.49,61.45,294540.0,-2.54%,2606.15,2601.75,2625.5,2598.85,,0.56,4.5104
2025-09-06,38466.0,4150.0,,,,,,,,,,,,,,,
2025-09-07,40064.0,3857.0,48.4261,48.5594,,,,,,,,,,,,,
2025-09-09,39321.0,3991.0,47.9337,48.0662,62.63,62.43,63.67,62.37,268530.0,0.59%,2629.45,2617.55,2630.05,2613.6,,0.58,4.5152
2025-09-10,38757.0,4043.0,48.073,48.208,63.67,62.74,64.08,62.72,260680.0,1.66%,2628.2,2631.65,2632.1,2618.9,,-0.05,4.5184
2025-09-11,38823.0,4110.0,48.132,48.2706,62.37,63.8,63.8,62.21,222660.0,-2.04%,2678.85,2630.5,2678.85,2630.5,,1.93,4.5664
2025-09-12,38692.0,3937.0,,,62.69,62.27,63.98,61.69,313270.0,0.51%,2699.9,2687.6,2701.05,2682.55,,0.79,4.6016
2025-09-13,38392.0,4010.0,,,,,,,,,,,,,,,
2025-09-14,39161.0,3896.0,48.1426,48.2803,,,,,,,,,,,,,
2025-09-15,39607.0,3986.0,48.112,48.2469,63.02,62.69,63.38,62.26,143250.0,0.53%,2703.7,2690.05,2704.55,2680.6,,0.14,4.6656
2025-09-16,39577.0,4007.0,48.044,48.1785,64.52,63.31,64.76,62.89,234250.0,2.38%,2714.55,2695.5,2720.05,2695.0,,0.4,4.6656
2025-09-17,39363.0,4020.0,48.0899,48.2254,64.05,64.59,64.67,63.69,165430.0,-0.73%,2684.05,2711.2,2713.6,2679.7,,-1.12,4.6416
2025-09-18,39042.0,4071.0,48.1301,48.2666,63.57,63.99,64.55,63.33,82320.0,-0.75%,2696.5,2672.65,2697.15,2669.15,,0.46,4.5696
2025-09-19,39399.0,3997.0,,,62.68,63.59,63.65,62.6,87170.0,-1.40%,2672.7,2697.5,2697.7,2668.2,,-0.88,4.5456
2025-09-21,40264.0,3832.0,48.1611,48.2967,,,,,,,,,,,,,
2025-09-22,38903.0,3891.0,48.1439,48.28,62.64,62.74,63.18,61.98,18650.0,-0.06%,2650.35,2679.6,2681.5,2636.8,,-0.84,4.576
2025-09-23,39195.0,3966.0,48.1364,48.2754,63.41,62.33,63.89,61.85,265950.0,1.23%,2642.15,2645.95,2648.2,2636.65,,-0.31,4.6
2025-09-24,39020.0,3957.0,48.0963,48.2294,64.99,63.64,65.05,63.25,282720.0,2.49%,2656.0,2643.0,2660.75,2627.48,,0.52,4.5856
2025-09-25,37046.0,3957.29,48.0543,48.1915,64.98,64.8,65.34,64.06,258350.00000000003,-0.02%,2661.15,2655.35,2671.3,2641.2,,0.19,4.7728
2025-09-26,39503.0,3980.0,,,65.72,65.2,66.42,64.66,284990.0,1.14%,2652.6,2659.35,2660.9,2644.2,,-0.32,4.736
2025-09-28,38264.0,3978.0,48.0846,48.222,,,,,,,,,,,,,
2025-09-29,39302.0,3906.0,47.979,48.1157,63.45,65.07,65.4,62.98,294290.0,-3.45%,2679.15,2663.8,2688.8,2663.35,,1.0,4.7184
2025-09-30,38427.0,4041.0,47.8077,47.9411,62.37,63.14,63.26,62.03,271650.0,-1.70%,2681.95,2674.15,2687.55,2663.7,,0.1,4.896
2025-10-01,36269.0,4041.94,47.7914,47.9276,61.78,62.46,62.89,61.4,274340.0,-0.95%,2697.25,2691.65,2697.4,2681.75,,0.57,4.88
2025-10-02,39364.0,3987.0,47.6939,47.8303,60.48,61.78,62.54,60.4,290510.0,-2.10%,2689.35,2699.8,2714.9,2679.98,,-0.29,4.8832
2025-10-03,39364.0,3987.0,,,60.88,60.7,61.38,60.55,240040.0,0.66%,2711.25,2695.4,2715.05,2692.4,,0.81,4.9408
2025-10-06,38985.0,3987.0,47.5466,47.6822,61.69,61.14,62.12,61.04,224680.0,1.33%,2720.25,2706.95,2731.6,2697.1,,0.33,5.1088
2025-10-07,38849.31,3938.79,47.4903,47.6238,61.73,61.73,62.11,60.72,245120.0,0.06%,2743.9,2720.85,2747.1,2714.2,,0.87,5.0336
2025-10-08,36773.0,3938.79,47.4869,47.6215,62.55,62.05,62.92,62.05,273320.0,1.33%,2759.05,2749.7,2764.55,2741.2,,0.55,5.0912
2025-10-09,39306.0,3987.0,,,61.51,62.31,62.87,61.25,259170.00000000003,-1.66%,2785.95,2788.2,2809.5,2778.75,,0.97,5.0976
2025-10-10,37646.0,3914.58,,,58.9,61.49,61.67,58.22,339100.0,-4.24%,2749.55,2772.15,2796.7,2738.1,,-1.31,5.1152
2025-10-11,37755.0,3987.0,,,,,,,,,,,,,,,
2025-10-12,38457.0,3987.0,47.8157,47.9541,,,,,,,,,,,,,
2025-10-13,38200.0,4015.0,47.6358,47.7725,59.07,58.65,59.69,58.41,640.0,0.29%,2769.8,2753.45,2773.8,2746.35,,0.74,4.8944
2025-10-14,39467.0,3987.0,47.6469,47.7814,58.27,59.17,59.39,57.29,232450.0,-1.35%,2746.1,2746.35,2756.1,2716.85,,-0.86,4.9984
2025-10-15,39467.0,3987.0,47.5759,47.7109,58.27,58.6,59.42,58.2,224920.0,0.00%,2747.05,2757.45,2761.65,2735.35,,0.03,4.9984
2025-10-16,38983.0,3987.0,47.5127,47.6502,57.46,58.77,59.11,57.26,203870.0,-1.39%,2799.2,2763.75,2800.5,2754.0,,1.9,4.9728
2025-10-17,38900.0,3987.0,,,57.54,57.5,57.72,56.6,108750.0,0.14%,2774.55,2779.35,2784.35,2743.95,,-0.88,4.984
2025-10-19,38200.0,3987.0,47.492,47.6314,,,,,,,,,,,,,
2025-10-20,38200.0,3650.0,47.4297,47.5606,57.52,57.73,57.81,56.35,108150.0,-0.03%,2773.75,2772.25,2786.23,2762.2,,-0.03,5.0096
2025-10-21,38200.0,3650.0,47.4905,47.6262,57.82,57.37,58.28,56.99,27730.0,0.52%,2781.2,2773.0,2799.2,2764.3,,0.27,5.0512
2025-10-22,39522.0,3987.0,47.4898,47.6239,58.5,57.59,59.83,57.34,378640.0,1.18%,2809.8,2795.4,2822.8,2793.58,,1.03,4.9488
2025-10-23,39912.0,3987.0,47.5239,47.6584,61.79,59.94,62.2,59.64,735190.0,5.62%,2863.05,2813.9,2877.6,2810.7,,1.9,4.9984
2025-10-24,39605.0,3987.0,,,61.5,61.79,62.59,61.21,373740.0,-0.47%,2859.9,2875.45,2886.25,2838.5,,-0.11,5.0928
2025-10-25,38200.0,3450.0,,,,,,,,,,,,,,,
2025-10-26,39411.0,3987.0,47.4517,47.5884,,,,,,,,,,,,,
2025-10-27,38200.0,3992.0,47.3681,47.5019,61.31,61.82,62.17,60.67,272190.0,-0.31%,2876.15,2887.45,2888.6,2865.05,,0.57,5.2096
2025-10-28,39423.0,3987.0,47.2912,47.4288,60.15,61.5,61.5,59.76,307570.0,-1.89%,2899.7,2863.1,2900.3,2849.9,,0.82,5.168
2025-10-29,38200.0,4132.0,47.2345,47.3674,60.48,60.18,61.02,59.7,276880.0,0.55%,2884.6,2908.65,2919.15,2881.0,,-0.52,5.2448
2025-10-30,39330.0,3987.0,47.1556,47.2825,60.57,60.39,60.79,59.64,247920.0,0.15%,2872.55,2871.35,2882.8,2840.7,,-0.42,5.104
2025-10-31,40033.0,3987.0,,,60.98,60.3,61.38,59.99,278600.0,0.68%,2892.55,2860.7,2894.75,2849.2,,0.7,5.096
2025-11-02,39600.0,3987.0,47.1658,47.3003,,,,,,,,,,,,,
2025-11-05,39255.0,3987.0,47.3429,47.481,59.6,60.43,61.09,59.52,292520.0,-1.59%,2863.2,2850.5,2874.8,2845.7,,0.04,4.9984
2025-11-06,39794.0,3987.0,47.2826,47.419,59.43,59.68,60.51,58.83,277770.0,-0.29%,2844.15,2877.0,2884.1,2833.95,,-0.67,4.9808
2025-11-09,40320.0,3987.0,47.2723,47.4065,,,,,,,,,,,,,
2025-11-11,39088.0,3987.0,47.1515,47.2835,60.99,59.94,61.18,59.59,184220.0,1.60%,2878.55,2880.95,2884.85,2863.65,,-0.15,5.0672
2025-11-12,39057.0,3987.0,47.1606,47.2928,58.49,60.96,61.01,58.3,224000.0,-4.10%,2892.6,2895.55,2903.3,2883.85,,0.49,5.0816
2025-11-13,39249.0,3987.0,47.1165,47.246,58.64,58.49,59.15,58.11,203340.0,0.26%,2879.15,2905.05,2912.7,2877.8,,-0.46,5.0544
2025-11-14,39595.0,3987.0,,,59.95,58.66,60.47,58.66,324820.0,2.23%,2860.0,2863.3,2867.8,2837.6,,-0.67,5.0512
2025-11-15,38655.0,3987.0,,,,,,,,,,,,,,,
2025-11-16,40253.0,3987.0,47.0737,47.2099,,,,,,,,,,,,,
2025-11-17,39421.0,3987.0,46.9903,47.1254,59.91,59.8,60.44,59.32,189640.0,-0.07%,2815.8,2852.2,2852.8,2805.65,,-1.55,4.9888
2025-11-18,38978.0,3987.0,47.1092,47.2432,60.74,59.74,60.93,59.31,105330.0,1.39%,2788.9,2783.8,2806.15,2778.15,,-0.96,4.9696
2025-11-19,39386.0,4073.0,47.3286,47.4663,59.44,60.62,60.79,58.77,79620.0,-2.14%,2813.25,2803.45,2818.1,2785.45,,0.87,5.0304
2025-11-20,38688.0,4188.0,47.3849,47.5237,59.14,59.63,60.33,58.86,27580.0,-0.50%,2812.7,2811.15,2830.8,2803.45,,-0.02,4.992
2025-11-21,38688.0,4188.0,,,58.06,58.8,58.8,57.38,345010.0,-1.83%,2805.7,2791.05,2809.1,2775.6,,-0.25,5.0128
2025-11-22,39093.0,4118.0,,,,,,,,,,,,,,,
2025-11-23,39093.0,4118.0,47.5594,47.6973,,,,,,,,,,,,,
2025-11-24,38789.0,4016.0,47.694,47.8334,58.84,58.05,59.06,57.42,238140.0,1.34%,2814.85,2805.15,2818.4,2798.7,,0.33,4.9632
2025-11-25,38789.0,4016.0,47.7554,47.8951,57.95,58.89,58.96,57.1,334440.0,-1.51%,2811.9,2824.65,2826.95,2801.63,,-0.1,5.008
2025-11-26,37977.0,4121.0,47.643,47.7786,58.65,58.05,58.72,57.66,228290.0,1.21%,2871.65,2814.35,2872.15,2813.6,,2.12,5.104
2025-11-27,38230.0,4138.0,47.5806,47.717,59.0,59.1,59.16,58.29,61450.0,0.60%,2833.25,2867.2,2867.65,2826.1,,-1.34,5.0544
2025-11-28,38230.0,4138.0,,,58.55,58.58,59.64,58.27,153760.0,-0.76%,2873.6,2849.1,2882.75,2840.6,,1.42,5.2736
2025-11-29,39000.0,4200.0,,,,,,,,,,,,,,,
2025-11-30,39000.0,4200.0,47.5139,47.644,,,,,,,,,,,,,
2025-12-01,39014.0,3955.0,47.4631,47.6006,59.32,58.96,59.97,58.83,232770.0,1.32%,2892.55,2878.3,2898.75,2868.65,,0.66,5.2768
2025-12-02,37667.0,4045.0,47.447,47.5817,58.64,59.52,59.67,58.28,255510.0,-1.15%,2862.45,2895.1,2907.45,2861.35,,-1.04,5.2464
2025-12-04,37464.0,4094.0,47.5019,47.6296,59.67,59.09,60.02,58.81,264990.0,1.22%,2901.75,2905.7,2912.05,2880.65,,0.01,5.3568
2025-12-05,37766.0,4052.0,,,60.08,59.7,60.5,59.42,255080.0,0.69%,2909.2,2916.95,2920.8,2884.5,,0.26,5.4496
2025-12-08,37484.0,4059.0,47.469,47.6065,58.63,59.88,60.01,58.43,162270.0,-2.41%,2888.8,2912.05,2912.85,2872.05,,-0.7,5.424
2025-12-09,37425.0,4092.0,47.54,47.6753,58.08,58.67,58.93,57.95,178890.0,-0.94%,2856.63,2859.1,2876.6,2850.75,,-1.11,5.3344
2025-12-10,37514.0,4121.0,47.5597,47.6994,58.3,58.23,58.83,57.52,166340.0,0.38%,2871.8,2866.45,2872.2,2850.95,,0.53,5.4064
2025-12-17,37077.0,4006.0,47.5265,47.6602,55.94,55.23,56.98,55.2,125610.0,1.21%,2902.4,2884.8,2907.3,2876.7,,0.72,5.4416
2025-12-18,37110.0,4056.0,47.5187,47.6525,56.15,56.9,57.03,55.88,85740.0,0.38%,2916.1,2897.5,2919.4,2891.85,,0.47,5.4384
2025-12-19,37473.0,3978.0,,,56.66,56.03,56.9,55.82,196880.0,0.91%,2958.9,2925.8,2959.55,2924.35,,1.47,5.5072
2025-12-20,37500.0,4061.0,,,,,,,,,,,,,,,
2025-12-21,37500.0,4061.0,47.4751,47.6134,,,,,,,,,,,,,
2025-12-22,37424.0,4048.0,47.4061,47.5399,58.01,56.63,58.13,56.6,221580.0,2.38%,2942.95,2959.65,2972.45,2941.6,,-0.54,5.4912
2025-12-23,37424.0,4048.0,47.466,47.6026,58.38,57.95,58.56,57.74,183630.0,0.64%,2947.45,2950.5,2968.85,2932.55,,0.15,5.5712
2025-12-24,37621.0,4084.0,47.5218,47.6578,58.35,58.47,58.75,58.13,111760.0,-0.05%,2956.95,2969.15,2969.55,2950.15,,0.32,5.5728
2025-12-26,37859.0,3974.0,,,56.74,58.35,58.88,56.65,166670.0,-2.76%,,,,,,,5.8256
2025-12-27,37633.0,4233.0,,,,,,,,,,,,,,,
2025-12-28,37974.0,4010.0,47.5889,47.7264,,,,,,,,,,,,,
2025-12-29,37974.0,4010.0,47.6472,47.7799,58.08,57.04,58.3,56.91,178590.0,2.36%,2951.15,2979.93,2984.85,2940.95,,-0.2,5.5664
2025-12-30,37467.0,4064.0,47.6155,47.7431,57.95,57.81,58.47,57.6,143800.0,-0.22%,2987.15,2977.1,2987.6,2956.05,,1.22,5.7552
2025-12-31,37766.0,3997.0,47.6043,47.7381,57.42,57.95,58.55,57.2,157160.0,-0.91%,2995.95,2990.05,2998.5,2982.9,,0.29,5.696
2026-01-01,37766.0,3996.0,,,,,,,,,,,,,,,5.6816
2026-01-02,37766.0,3996.0,,,57.32,57.41,57.93,56.6,189500.0,-0.17%,3023.1,2997.6,3023.9,2994.7,,0.91,5.6992
2026-01-03,37146.0,4120.0,,,,,,,,,,,,,,,
2026-01-04,38149.0,3927.0,47.5337,47.6634,,,,,,,,,,,,,
2026-01-05,38149.0,3927.0,47.2581,47.3939,58.08,57.25,58.23,56.13,163000.0,1.33%,3087.4,3057.7,3093.15,3048.9,,2.13,5.9632
2026-01-06,37315.0,4096.0,47.1996,47.3349,56.94,58.1,58.6,56.66,187860.0,-1.96%,3133.85,3114.0,3136.45,3097.15,,1.5,6.0528
2026-01-07,37384.0,3941.0,,,55.99,57.0,57.17,55.76,383130.0,-1.67%,3086.55,3120.0,3128.3,3074.65,,-1.51,5.8784
2026-01-08,37384.0,3941.0,47.1992,47.3359,57.76,56.42,58.74,55.97,334130.0,3.16%,3089.05,3073.1,3097.6,3054.8,,0.08,5.7968
2026-01-09,37506.0,3925.0,,,59.12,58.4,59.77,57.61,360310.0,2.35%,3147.85,3123.55,3161.25,3122.38,,1.9,5.8976
2026-01-10,37350.0,4095.0,,,,,,,,,,,,,,,
2026-01-11,36420.0,4046.0,47.1321,47.2691,,,,,,,,,,,,,
2026-01-12,37520.0,3912.0,47.0912,47.2271,59.32,58.89,59.72,58.32,282480.0,0.34%,3189.8,3162.55,3199.2,3146.0,,1.33,6.0096
2026-01-13,37109.0,3901.0,47.0568,47.1934,60.93,59.75,61.23,59.29,410800.0,2.71%,3190.4,3164.0,3215.0,3156.85,,0.02,6.0128
2026-01-14,37164.0,3982.0,47.2709,47.4094,62.02,61.12,62.36,59.19,410260.0,1.79%,3186.5,3200.6,3207.0,3175.8,,-0.12,6.088
2026-01-15,36933.0,4032.0,47.2211,47.3577,59.19,61.06,61.14,58.88,113640.0,-4.56%,3170.25,3162.55,3175.0,3138.0,,-0.51,5.9952
2026-01-16,37231.0,3925.0,,,59.44,59.26,60.18,58.94,113790.0,0.42%,3140.7,3140.75,3150.55,3115.0,,-0.93,5.8368
2026-01-17,36450.0,4108.0,,,,,,,,,,,,,,,
2026-01-20,37099.0,3962.0,47.4295,47.5646,60.34,59.01,60.68,58.7,31290.0,1.60%,3117.8,3149.5,3157.0,3100.0,,-1.53,5.8144
2026-01-21,36857.0,3983.0,47.3216,47.46,60.62,59.57,60.89,59.22,333060.0,0.46%,3119.58,3141.95,3143.65,3114.0,,0.06,5.7968
2026-01-22,37211.0,3946.0,47.081,47.22,59.36,60.68,60.82,58.96,324350.0,-2.08%,3140.9,3128.0,3146.25,3109.35,,0.68,5.7984
2026-01-23,37510.0,3930.0,,,61.07,59.66,61.36,59.52,283420.0,2.88%,3175.35,3147.2,3181.0,3130.0,,1.1,5.936
2026-01-24,37510.0,3930.0,,,,,,,,,,,,,,,
2026-01-25,37683.0,3866.0,47.0002,47.1366,,,,,,,,,,,,,
2026-01-26,37809.0,3840.0,47.0056,47.1409,60.63,61.22,61.71,60.32,281060.0,-0.72%,3199.35,3187.2,3204.85,3177.85,,0.76,5.9856
2026-01-27,37363.0,3955.0,46.974,47.1083,62.39,60.78,62.63,60.14,360210.0,2.90%,3210.35,3176.9,3214.0,3161.95,,0.34,5.8752
2026-01-30,37353.0,3884.0,,,65.21,65.52,66.11,63.64,449330.0,-0.32%,3117.65,3166.5,3184.0,3060.0,,-3.49,5.9168
2026-02-03,37635.0,3932.0,46.9279,47.0568,63.21,62.28,64.21,61.12,381140.0,1.72%,3105.15,3106.0,3125.0,3078.3,,1.67,6.0848
2026-02-05,37567.0,3950.0,46.8914,47.0289,63.29,64.49,64.67,62.65,389760.0,-2.84%,3035.1,3030.0,3054.0,3024.85,,-0.56,5.8096
2026-02-06,37567.0,3950.0,,,63.55,63.1,64.58,62.2,448920.0,0.41%,3111.65,3015.25,3115.6,3011.45,,2.52,5.8848
2026-02-07,37370.0,4075.0,,,,,,,,,,,,,,,
2026-02-08,37433.0,3941.0,46.8875,47.0206,,,,,,,,,,,,,
2026-02-09,37983.0,3953.0,46.8219,46.955,64.2,62.81,64.64,62.44,195240.0,1.02%,3129.55,3088.15,3132.6,3077.65,,0.58,5.9648
2026-02-10,38090.0,3994.0,46.7975,46.9291,63.79,64.26,64.53,63.5,176500.0,-0.64%,3101.5,3108.75,3116.5,3088.7,,-0.9,5.9136
2026-02-11,37464.0,3979.0,46.7848,46.9183,64.46,63.99,65.61,63.97,240970.0,1.05%,3119.85,3116.65,3139.05,3099.3,,0.59,5.976
2026-02-12,37470.0,3977.0,46.7569,46.8911,62.65,64.71,64.93,62.23,251470.0,-2.81%,3097.15,3129.0,3164.33,3090.95,,-0.73,5.7936
2026-02-15,37818.0,4021.0,46.7106,46.8467,62.76,62.67,62.86,62.64,,0.02%,,,,,,,
2026-02-18,37470.0,4011.0,46.9426,47.0814,65.19,62.3,65.56,62.12,115380.0,4.59%,3084.5,3045.7,3098.0,3040.9,,1.45,5.7776
2026-02-19,37470.0,4011.0,47.5177,47.6566,66.43,65.1,66.9,64.88,113410.0,1.90%,3071.85,3080.0,3093.5,3037.85,,-0.41,5.7648
2026-02-20,37679.0,4035.0,,,66.39,66.67,67.05,65.94,27420.0,-0.06%,3101.9,3091.5,3118.5,3068.0,,0.98,5.8688
2026-02-21,37679.0,4035.0,,,,,,,,,,,,,,,
2026-02-23,37679.0,4035.0,47.6717,47.804,66.31,65.89,67.28,65.38,270370.0,-0.12%,3092.75,3101.95,3118.0,3084.95,,-0.29,5.7984
2026-02-24,37889.0,4053.0,47.8306,47.9706,65.63,66.31,67.15,65.55,312120.0,-1.03%,3110.9,3112.45,3120.0,3094.0,,0.59,5.8976
2026-02-25,38023.0,3940.0,47.8859,48.0215,65.42,66.07,66.6,65.12,306780.0,-0.32%,3175.4,3124.75,3177.6,3120.0,,2.07,5.9792
2026-02-26,37765.0,4028.0,47.8562,47.9955,65.21,65.65,66.71,63.6,498540.0,-0.32%,3148.1,3159.5,3165.5,3117.5,,-0.86,6.0416
2026-02-27,37570.0,4100.0,,,67.02,65.35,67.83,64.85,437050.0,2.78%,3146.9,3171.2,3176.0,3138.5,,-0.04,6.0592
2026-02-28,36750.0,4100.0,,,,,,,,,,,,,,,
2026-03-01,37302.0,3927.0,48.685,48.8238,,,,,,,,,,,,,
2026-03-02,37982.0,3983.0,49.1623,49.302,71.23,75.0,75.33,69.2,881330.0,6.28%,3194.45,3228.15,3256.0,3184.45,,1.51,5.9456
2026-03-03,38157.0,3984.0,49.8194,49.9586,74.56,71.23,77.98,70.41,1010000.0,4.67%,3277.5,3188.0,3317.18,3153.5,,2.6,5.8576
2026-03-05,37843.0,4011.0,50.0887,50.2271,81.01,76.15,82.16,74.97,707030.0,8.51%,3279.95,3358.5,3365.6,3268.8,,-1.61,5.8064
2026-03-06,37635.0,4023.0,,,90.9,79.08,92.61,78.24,996250.0,12.21%,3425.9,3318.0,3450.5,3315.75,,4.45,5.8192
2026-03-09,38226.0,3972.0,52.728,52.8635,91.48,91.91,113.41,79.0,749520.0,0.64%,3384.45,3475.95,3479.45,3360.0,,-1.21,5.8976
2026-03-10,37665.0,4102.0,51.9231,52.0628,82.1,83.0,88.49,75.64,546030.0,-10.25%,3393.0,3351.5,3407.0,3301.0,,0.25,5.9184
2026-03-11,38175.0,4102.0,51.922,52.062,86.07,85.11,87.32,80.6,401370.0,4.84%,3446.0,3413.15,3480.3,3392.65,,1.56,5.92
2026-03-12,37775.0,4048.0,52.3831,52.5214,94.43,87.46,95.68,87.18,448290.0,9.71%,3519.35,3495.5,3542.15,3463.0,,2.13,5.8416
2026-03-14,38433.0,4116.0,,,,,,,,,,,,,,,
2026-03-15,38433.0,4116.0,52.4874,52.6274,,,,,,,,,,,,,
2026-03-16,38739.0,3953.0,52.3104,52.4499,93.5,100.93,102.44,92.93,455450.0,-3.45%,3391.2,3447.2,3450.0,3370.5,,-0.84,5.8384
2026-03-17,38257.0,4109.0,52.2923,52.4303,96.21,94.41,98.42,93.83,308430.0,2.90%,3369.6,3410.0,3426.55,3360.2,,-0.64,5.7664
2026-03-18,38205.0,4114.0,52.2904,52.4283,96.32,96.0,100.55,91.96,157220.0,0.11%,3415.18,3359.5,3423.0,3337.5,,1.35,5.5088
2026-03-19,38153.0,4072.0,,,96.14,99.13,101.48,92.8,118720.0,-0.19%,3242.0,3345.0,3358.5,3130.83,,-5.07,5.52
2026-03-20,38153.0,4072.0,,,98.32,95.0,99.67,93.42,33110.0,2.27%,3194.95,3274.3,3300.5,3185.45,,-1.45,5.3024
2026-03-21,38153.0,4072.0,,,,,,,,,,,,,,,
2026-03-22,38153.0,4072.0,,,,,,,,,,,,,,,
2026-03-23,38153.0,4072.0,,,88.13,100.51,101.67,84.37,666790.0,-10.36%,3227.5,3179.0,3236.35,3166.0,,1.02,5.4784
2026-03-24,38153.0,4072.0,52.626,52.7654,92.35,88.78,93.36,86.34,420070.0,4.79%,3239.5,3211.55,3267.95,3192.5,,0.37,5.44
2026-03-25,38460.0,4083.0,52.5201,52.6557,90.32,88.49,91.73,86.46,405170.0,-2.20%,3245.5,3243.55,3262.0,3219.15,,0.19,5.5616
2026-03-26,38350.0,4107.0,52.7503,52.8886,94.48,91.38,95.44,89.51,350770.0,4.61%,3248.95,3222.08,3298.1,3221.95,,0.11,5.4736
2026-03-27,39052.0,3963.0,,,99.64,93.31,101.24,92.08,374920.0,5.46%,3275.2,3272.35,3302.0,3228.75,,0.81,5.4688
2026-03-28,39161.0,4157.0,,,,,,,,,,,,,,,
2026-03-29,39870.0,3985.0,53.5246,53.6646,,,,,,,,,,,,,
2026-03-30,38879.0,4010.0,54.5103,54.6503,102.88,102.6,105.36,99.43,374080.0,3.25%,3431.5,3447.75,3463.0,3371.9,,4.77,5.4832
2026-03-31,39346.0,4045.0,54.5257,54.6634,101.38,105.07,106.86,99.62,495400.0,-1.46%,3429.55,3470.15,3531.5,3427.15,,-0.06,5.6096
2026-04-01,38805.0,4127.0,53.5566,53.6957,100.12,101.72,103.31,96.5,434560.0,-1.24%,3523.8,3442.1,3531.5,3417.5,,2.75,5.648
2026-04-02,38929.0,4119.0,54.2989,54.4343,111.54,98.92,113.97,97.5,552460.0,11.41%,3468.5,3502.1,3514.3,3423.4,,-1.57,5.6816
2026-04-03,38905.0,4149.0,,,,,,,,,,,,,,,5.6816
2026-04-04,38905.0,4149.0,,,,,,,,,,,,,,,
2026-04-05,38692.0,4078.0,54.4269,54.566,,,,,,,,,,,,,
2026-04-06,39030.0,4052.0,54.3735,54.5113,112.41,112.96,115.48,108.89,271740.0,0.78%,,,,,,,5.6016
2026-04-07,39129.0,4173.0,54.648,54.788,112.95,112.62,117.63,109.2,429330.0,0.48%,3464.5,3465.75,3516.25,3459.75,,-0.12,5.7088
2026-04-08,39134.0,4084.0,53.2558,53.396,94.41,108.74,109.19,91.05,599580.0,-16.41%,3478.0,3496.0,3501.0,3442.32,,0.39,5.7488
2026-04-09,39569.0,4042.0,53.0734,53.2067,97.87,96.78,102.7,95.25,427200.0,3.66%,3446.6,3446.55,3477.5,3434.0,,-0.9,5.768
2026-04-10,39561.0,4042.0,,,96.57,98.23,100.42,95.51,314860.0,-1.33%,3511.25,3458.93,3518.0,3454.5,,1.88,5.8688
2026-04-11,38993.0,4136.0,,,,,,,,,,,,,,,
2026-04-12,39112.0,4153.0,,,,,,,,,,,,,,,
2026-04-13,39000.0,4100.0,,,92.95,93.9,96.93,91.07,229800.0,-3.75%,3626.75,3544.0,3645.05,3532.1,,3.29,6.008
2026-04-14,38674.0,3980.0,52.4418,52.5749,88.19,91.94,92.66,88.01,236670.0,-5.12%,3584.0,3613.43,3646.05,3550.8,,-1.18,6.08
2026-04-15,38243.0,4047.0,51.938,52.0736,88.13,88.8,90.45,84.7,235420.0,-0.07%,3620.15,3586.4,3631.0,3550.0,,1.01,6.096
2026-04-17,38376.0,4086.0,,,83.85,93.18,94.04,80.56,116620.0,-11.45%,3557.0,3628.0,3657.25,3443.93,,-2.4,6.0864
2026-04-18,38900.0,4140.0,,,,,,,,,,,,,,,
2026-04-19,39120.0,4160.0,51.6747,51.8146,,,,,,,,,,,,,
2026-04-20,37821.0,4054.0,51.9214,52.0614,89.61,89.0,91.2,87.02,115580.0,6.87%,3555.0,3555.5,3574.0,3523.85,,-0.06,6.048
2026-04-21,38511.0,4063.0,51.7137,51.8508,92.13,87.89,94.45,87.76,27540.0,2.81%,3532.5,3526.28,3578.15,3524.4,,-0.63,6.0064
2026-04-22,39310.0,4129.0,51.9443,52.0814,92.96,90.0,93.73,87.64,299680.0,0.90%,3629.0,3572.15,3638.0,3557.1,,2.73,6.128
2026-04-25,39092.0,4207.0,,,,,,,,,,,,,,,
2026-04-26,39092.0,4207.0,52.626,52.7654,,,,,,,,,,,,,
2026-04-27,39403.0,4029.0,52.4898,52.6283,96.37,95.6,97.67,94.59,219060.0,2.09%,3580.8,3609.75,3616.5,3573.5,,-0.62,6.0208
2026-04-28,39570.0,4168.0,52.7832,52.9226,99.93,96.67,101.85,96.24,281080.0,3.69%,3539.5,3555.0,3580.0,3517.85,,-1.15,5.9248
2026-04-29,39929.0,4086.0,52.9742,53.1091,106.88,99.71,108.6,98.42,318840.0,6.95%,3481.4,3549.03,3557.2,3472.0,,-1.64,5.8736
2026-04-30,39939.0,4129.0,53.5501,53.6894,105.07,109.07,110.93,103.34,341990.0,-1.69%,3483.5,3468.4,3490.5,3453.6,,0.06,5.9808
2026-05-01,39126.0,4110.0,,,101.94,105.14,106.65,99.3,268710.0,-2.98%,3518.4,3490.5,3533.8,3485.0,,1.0,5.9664
2026-05-02,39403.0,4168.0,,,,,,,,,,,,,,,
2026-05-03,39373.0,4160.0,53.4589,53.5956,,,,,,,,,,,,,
2026-05-04,39156.0,3876.0,53.46,53.5988,106.42,99.73,107.46,99.11,342840.0,4.39%,,,,,,,5.864
2026-05-05,40094.0,4074.0,53.6831,53.8231,102.27,104.93,105.48,101.08,241150.0,-3.90%,3575.75,3500.18,3598.1,3495.0,,1.63,5.9792
2026-05-06,39555.0,4132.0,52.6286,52.7654,95.08,102.7,102.7,88.66,423490.0,-7.03%,3526.0,3593.55,3594.0,3516.0,,-1.39,6.1808
2026-05-09,39582.0,4157.0,,,,,,,,,,,,,,,
2026-05-10,39842.0,4042.0,52.5063,52.6457,,,,,,,,,,,,,
2026-05-11,39729.0,3971.0,52.7529,52.8929,98.07,98.19,100.37,96.13,256250.0,2.78%,3578.45,3514.65,3582.0,3512.0,,2.15,6.4832
2026-05-12,39626.0,4136.0,52.8875,53.0266,102.18,98.39,102.72,98.0,231750.0,4.19%,3575.2,3552.23,3577.05,3540.7,,-0.09,6.6432
2026-05-13,39861.0,4024.0,52.8615,53.0007,101.02,102.16,103.67,100.56,212580.0,-1.14%,3653.85,3597.75,3684.7,3596.5,,2.2,6.6784
2026-05-15,39918.0,4059.0,,,105.42,102.06,106.0,101.48,96550.0,4.20%,3564.0,3606.0,3615.0,3547.5,,-2.44,6.2784
2026-05-16,39511.0,4147.0,,,,,,,,,,,,,,,
2026-05-17,37750.0,4050.0,53.2237,53.3637,,,,,,,,,,,,,
2026-05-18,39337.0,3867.0,53.264,53.4026,108.66,106.0,109.47,102.65,117910.0,3.07%,3561.65,3555.98,3587.95,3547.95,,-0.07,6.3312
2026-05-19,39830.0,4008.0,53.0577,53.1971,107.77,107.11,109.24,106.76,30410.0,-0.82%,3596.0,3569.7,3619.58,3561.45,,0.96,6.1952
2026-05-20,39570.0,4077.0,53.368,53.508,98.26,104.12,104.45,96.94,320030.0,-8.82%,3631.35,3611.3,3635.15,3589.75,,0.98,6.3376
2026-05-21,39982.0,4046.0,52.8633,53.0011,96.35,98.95,102.66,95.76,345480.0,-1.94%,3638.05,3608.6,3683.35,3600.9,,0.18,6.3456
2026-05-22,40574.0,3955.0,,,96.6,98.0,99.43,94.73,261140.0,0.26%,3650.9,3650.7,3671.98,3638.25,,0.35,6.3808
2026-05-23,40238.0,3957.0,,,,,,,,,,,,,,,
2026-05-24,39940.0,4000.0,52.2466,52.3849,,,,,,,,,,,,,
2026-05-25,39862.0,3968.0,52.2199,52.3589,,,,,,,,,,,,,6.4704
2026-05-26,39956.0,4030.0,,,93.89,93.88,94.7,89.41,358870.0,-2.81%,3678.55,3677.3,3708.5,3667.5,,0.76,6.424
2026-05-27,39956.0,4030.0,,,88.68,93.39,93.69,87.77,290950.0,-5.55%,3627.0,3675.8,3688.18,3616.85,,-1.4,6.3376
2026-05-29,39956.0,4030.0,,,87.36,88.55,89.02,86.35,267800.0,-1.73%,3675.0,3641.75,3684.0,3640.45,,0.04,6.3936
2026-05-30,39956.0,4030.0,,,,,,,,,,,,,,,
2026-05-31,39956.0,4030.0,,,,,,,,,,,,,,,
2026-06-01,39956.0,4030.0,51.9383,52.0743,92.16,88.5,94.78,88.45,322040.0,5.49%,3731.95,3682.45,3731.95,3682.45,,1.55,6.552
2026-06-02,39984.0,4038.0,51.7963,51.9362,93.76,92.45,94.0,90.12,238150.0,1.74%,3762.0,3781.35,3789.5,3741.9,,0.81,6.6576
2026-06-03,39702.0,4128.0,51.8806,52.0174,96.02,93.45,97.0,93.45,260610.0,2.41%,3700.05,3732.4,3751.25,3686.9,,-1.65,6.5072
2026-06-04,40063.0,4077.0,51.7574,51.8968,93.04,95.75,95.91,91.91,219500.0,-3.10%,3667.6,3688.0,3696.48,3647.7,,-0.88,6.5344
2026-06-05,40063.0,4077.0,,,90.54,92.82,93.63,89.68,252900.0,-2.69%,3598.5,3638.5,3672.5,3583.0,,-1.88,6.2752
2026-06-06,39573.0,4050.0,,,,,,,,,,,,,,,
2026-06-07,39959.0,4024.0,51.7517,51.89,,,,,,,,,,,,,
2026-06-08,39530.0,3975.0,52.09,52.2283,91.3,93.0,95.47,90.39,278650.0,0.84%,3594.2,3593.7,3608.4,3573.8,,-0.12,6.3504
2026-06-09,40031.0,4047.0,51.6511,51.7891,88.2,91.28,91.55,85.95,306100.0,-3.40%,3525.9,3602.8,3616.65,3508.4,,-1.9,6.3216
2026-06-10,39827.0,4077.0,51.7661,51.9006,90.03,89.4,91.87,87.39,291940.0,2.07%,3475.5,3511.5,3518.5,3458.5,,-1.43,6.2672
2026-06-11,40175.0,4078.0,51.9184,52.0551,87.71,92.25,93.64,85.74,317150.0,-2.58%,3518.48,3472.0,3522.1,3465.95,,1.24,6.2752
2026-06-13,39507.0,3974.0,,,,,,,,,,,,,,,
2026-06-14,40230.0,3928.0,51.0477,51.1869,,,,,,,,,,,,,
2026-06-15,40279.0,3990.0,50.3237,50.4637,79.44,80.5,81.0,78.45,186830.0,-6.41%,3375.65,3510.2,3512.5,3355.65,,-4.72,6.496
2026-06-16,39778.0,4089.0,50.1625,50.2963,75.27,79.8,80.15,74.74,239510.0,-5.25%,3393.85,3344.15,3395.5,3333.75,,0.54,6.504
2026-06-17,39736.0,4055.0,49.8497,49.986,76.79,76.59,80.03,74.59,100470.0,2.02%,3422.35,3412.8,3433.65,3405.7,,0.84,6.4928
2026-06-18,39481.0,4084.0,,,76.6,75.53,76.99,73.58,288800.0,-0.25%,3399.45,3398.65,3423.0,3371.1,,-0.67,6.3856
2026-06-21,39822.0,4035.0,49.8046,49.9433,,,,,,,,,,,,,
2026-06-24,40602.0,4081.0,49.5511,49.6903,70.34,73.13,73.18,69.63,251400.0,-3.92%,3119.0,3232.0,3232.0,3113.13,,-4.27,5.9488
2026-06-25,39859.0,4094.0,49.4654,49.6034,71.92,69.95,72.5,68.9,228070.0,2.25%,3173.25,3132.95,3174.35,3121.9,,1.74,6.0736
2026-06-26,40091.0,4171.0,,,69.23,71.44,71.86,68.56,249320.0,-3.74%,3199.0,3179.7,3201.5,3151.0,,0.81,6.1376
2026-06-27,40048.0,3984.0,,,,,,,,,,,,,,,
2026-06-28,40331.0,3998.0,49.308,49.4466,,,,,,,,,,,,,
2026-06-29,40171.0,4050.0,49.2251,49.3621,70.75,70.5,71.15,69.32,170490.0,2.20%,3099.8,3190.05,3207.15,3085.55,,-3.1,6.0976
2026-06-30,40168.0,4103.0,49.1612,49.2975,69.5,70.43,71.6,69.22,194280.0,-1.77%,3098.15,3100.55,3141.5,3082.0,,-0.05,6.192
2026-07-01,39890.0,4145.0,49.0568,49.1939,68.58,69.98,70.19,67.92,200000.0,-1.32%,3097.35,3060.0,3101.63,3046.0,,-0.03,6.1792
2026-07-02,39930.0,4113.0,,,68.69,68.03,68.8,67.04,183640.0,0.16%,3085.45,3073.9,3098.6,3042.5,,-0.38,6.1696
2026-07-03,39930.0,4113.0,,,68.78,68.38,69.26,68.08,48760.0,0.13%,3093.3,3120.95,3130.65,3082.7,,0.25,6.224
2026-07-04,40075.0,4113.0,,,,,,,,,,,,,,,
2026-07-05,40242.0,3937.0,48.8694,49.009,,,,,,,,,,,,,
2026-07-06,40209.0,4043.0,48.7931,48.9308,68.55,68.43,69.26,67.82,229910.0,-0.33%,3111.25,3106.65,3125.6,3095.83,,0.58,6.232
2026-07-07,39807.0,4118.0,48.7452,48.8806,70.44,68.58,72.51,68.58,264070.0,2.76%,3141.0,3117.9,3152.15,3117.05,,0.96,6.2256
2026-07-08,39914.0,4053.0,49.5734,49.7106,73.52,72.38,76.08,71.75,445250.0,4.37%,3141.0,3158.0,3164.25,3126.85,,0.0,6.1072
2026-07-09,39940.0,4181.0,49.6303,49.7703,72.08,74.95,75.13,71.42,264010.0,-1.96%,3209.0,3148.0,3213.05,3147.3,,2.16,6.2656
2026-07-10,39940.0,4181.0,,,71.41,71.86,73.16,70.77,219820.0,-0.93%,3146.35,3209.6,3210.0,3135.3,,-1.95,6.2848
2026-07-11,40073.0,3980.0,,,,,,,,,,,,,,,
2026-07-12,40127.0,4033.0,49.8557,49.9957,,,,,,,,,,,,,
2026-07-13,40656.0,4071.0,50.1629,50.3022,77.94,73.38,78.34,72.51,260560.0,9.14%,3155.65,3128.2,3173.0,3124.5,,0.3,6.2816
2026-07-14,39890.0,4139.0,50.6492,50.7869,78.68,77.87,80.54,77.39,389670.0,0.95%,3175.6,3191.15,3203.55,3162.75,,0.63,6.3776
2026-07-15,39904.0,4162.0,50.5131,50.6528,79.12,78.96,80.13,77.77,217880.0,0.56%,3147.5,3179.5,3180.0,3143.75,,-0.88,6.3408
2026-07-16,39910.0,4061.0,50.4774,50.6169,78.28,79.45,80.29,78.0,202100.0,-1.06%,3178.4,3165.3,3190.8,3160.1,,0.98,6.3424
2026-07-17,40150.0,4117.0,,,81.78,78.86,82.07,77.93,255770.0,4.47%,3164.65,3166.55,3168.0,3140.0,,-0.43,6.2704
2026-07-18,40150.0,4117.0,,,,,,,,,,,,,,,
2026-07-19,40000.0,3950.0,51.0631,51.2031,,,,,,,,,,,,,
2026-07-20,40335.0,3991.0,51.014,51.1526,82.48,82.91,84.6,79.58,357260.0,0.86%,3137.5,3157.3,3162.0,3119.0,,-0.86,6.3408
2026-07-21,39851.0,4082.0,50.9639,51.1014,84.34,82.42,85.03,81.39,298110.0,2.26%,3166.2,3155.25,3182.8,3153.0,,0.91,6.5312
2026-07-22,39974.0,4125.0,51.282,51.422,83.64,82.78,84.51,82.04,200290.0,-0.83%,3190.55,3156.4,3196.5,3154.25,,0.77,6.4928
2026-07-23,39782.0,4142.0,,,87.01,84.16,88.07,83.83,228770.0,4.03%,3191.55,3209.0,3211.15,3175.88,,0.03,6.344
2026-07-24,39782.0,4142.0,,,85.15,87.03,87.25,83.8,181820.0,-2.14%,3165.05,3180.95,3184.3,3151.4,,-0.83,6.3392
2026-07-25,39940.0,3964.0,,,,,,,,,,,,,,,
2026-07-26,39887.0,3986.0,51.2409,51.3774,,,,,,,,,,,,,
2026-07-27,39954.0,3788.0,50.6559,50.7917,82.61,86.12,86.2,81.63,352810.0,-2.98%,3171.0,3157.4,3188.7,3157.3,,0.19,6.3792
2026-07-28,39322.0,4120.0,50.4631,50.5989,79.26,82.0,82.43,77.78,368030.0,-4.06%,3148.6,3161.05,3161.25,3132.0,,-0.71,6.36
2026-07-30,39595.0,4125.0,51.0789,51.2162,83.59,84.65,85.94,82.97,235400.0,-1.03%,3194.0,3186.1,3210.03,3172.5,,0.48,6.5056
2026-07-31,39587.0,4097.0,,,84.67,83.92,86.87,81.06,257850.00000000003,1.29%,3194.65,3197.15,3198.0,3167.9,,0.02,6.5072
2026-08-01,39705.0,3960.0,,,,,,,,,,,,,,,
2026-08-02,39705.0,3960.0,50.3456,50.4847,,,,,,,,,,,,,
2026-08-03,39731.0,4041.0,50.1654,50.3031,80.34,80.1,81.3,78.43,294820.0,-5.11%,3225.8,3201.0,3236.85,3194.6,,0.98,6.5408
